model,resize,variant,seed,epochs,endpoint,top1,native_image_size,patch_size,validation_batch_size,resumed_within_same_job,summary_path,summary_sha256,args_sha256,manifest_path,manifest_sha256,completion_path,completion_sha256,checkpoint_path,recorded_checkpoint_sha256,fresh_checkpoint_hash,checkpoint_parity_receipt,parity_receipt_sha256,runtime_tree_sha256,protocol_sha256,created_at,completed_at,audit_pass
mn_l2,160,flat_w8_historical,42,200,epoch199_ema_top1,68.79,32,8,200,True,/liziqing/yukai/otm_worktree_mncifar/work_dirs/classification/cifar_resize_delivery_validation_20260810/runs/mn_l2/r160/seed42/summary.csv,0251c25e9a0ffd71d4c1f5b3187fdfdc07e9c14f5e70e5e1d8f3c8f016de8505,8bb4ee8e74c6c151a986e52abdc46f54c7e0d1037fe5585e9d6f8b4e95ec974d,/liziqing/yukai/otm_worktree_mncifar/work_dirs/classification/cifar_resize_delivery_validation_20260810/runs/mn_l2/r160/seed42/manifest.json,b1fc1762ae71246da00760173ad6a20ac8f7b825c33da4f4567491483f4e3bc4,/liziqing/yukai/otm_worktree_mncifar/work_dirs/classification/cifar_resize_delivery_validation_20260810/runs/mn_l2/r160/seed42/completion.json,573b64e1c0857a5ec691ff7d3096df83931480e54c3817d7d5698a2e3f03fbef,/liziqing/yukai/otm_worktree_mncifar/work_dirs/classification/cifar_resize_delivery_validation_20260810/runs/mn_l2/r160/seed42/last.pth.tar,39fa6e4269a464414205b9261336a7f521336e3520e2a1556e415512f2b2a331,False,,,2a0c7ff66c32eb167aef459fdc04d3d188deb0d2c6f1d0428dcf1b3cceedc94d,8124e12a905b10e37a95d06e877aea7d5219be6f1026074c4ea1d196eed91ce3,2026-08-12T07:46:46+00:00,2026-08-13T10:54:34+00:00,True
mn_l2,160,global,42,200,epoch199_ema_top1,67.8,32,8,200,False,/liziqing/yukai/otm_worktree_mncifar/work_dirs/classification/cifar_dtem_spatial_20260814/runs/mn_l2/global/r160/seed42/summary.csv,92a3c6c214ef636a8341d84bb4994c87afcaecc30ee8cd7a6101352556d332ca,507c4488e7dbb1a3be50b57ff9649b7c6c4ce33c2f2ec748ff429e10288840be,/liziqing/yukai/otm_worktree_mncifar/work_dirs/classification/cifar_dtem_spatial_20260814/runs/mn_l2/global/r160/seed42/manifest.json,f14fe2510ed8bbcc282f546ec61c9b280c54e2225a7fc595c3a817975f04b231,/liziqing/yukai/otm_worktree_mncifar/work_dirs/classification/cifar_dtem_spatial_20260814/runs/mn_l2/global/r160/seed42/completion.json,66d70a7fc1326ddf3b900d0b80884a75afe1d3f00a116738e5d26d4dba37b85e,/liziqing/yukai/otm_worktree_mncifar/work_dirs/classification/cifar_dtem_spatial_20260814/runs/mn_l2/global/r160/seed42/last.pth.tar,8e32d35c98f4c1ec439803a4ce5709db4b3ff19f7b2c47926a7e36e4eef1d61e,False,/liziqing/yukai/otm_worktree_mncifar/work_dirs/classification/cifar_dtem_spatial_20260814/evaluation/checkpoint_parity/mn_l2_global_r160_seed42.json,31655b06c4af2f11c01a23ce49a96b8c27046e7b1915b751b8a273255c9f37fd,9387828f5a90e2a2dfb2f68a0ffaaf812be81ca4fd4140d59373f7a57d0093fd,3c43e6a13aaa0a0037c012ccbddc84beb27d24957eb696cd736251ccb1d826f6,2026-08-18T01:43:32+00:00,2026-08-18T07:35:38+00:00,True
mn_l2,160,spatial_r1,42,200,epoch199_ema_top1,66.03,32,8,200,False,/liziqing/yukai/otm_worktree_mncifar/work_dirs/classification/cifar_dtem_spatial_20260814/runs/mn_l2/spatial_r1/r160/seed42/summary.csv,7c8f4d6437cb17db0f8e9f41c76e87dbd148228c758fdadc120b87361c30cc81,466bf7e8bf4f35ecaa5e980b159be458763731263e02ffb1a969188f0d254f45,/liziqing/yukai/otm_worktree_mncifar/work_dirs/classification/cifar_dtem_spatial_20260814/runs/mn_l2/spatial_r1/r160/seed42/manifest.json,e7c67b51dd09abc494f2e1d5e1931d5193eb80b786c25f866002beebdb6180e5,/liziqing/yukai/otm_worktree_mncifar/work_dirs/classification/cifar_dtem_spatial_20260814/runs/mn_l2/spatial_r1/r160/seed42/completion.json,e24fad4650e5e0066e4139fdcc533652d5b0a16ea4e07eba0e449f34ba677df7,/liziqing/yukai/otm_worktree_mncifar/work_dirs/classification/cifar_dtem_spatial_20260814/runs/mn_l2/spatial_r1/r160/seed42/last.pth.tar,5086e56b9cb1236b32af6d9e463c0bacead453c955c6d291fee98afcefd2c0ee,False,/liziqing/yukai/otm_worktree_mncifar/work_dirs/classification/cifar_dtem_spatial_20260814/evaluation/checkpoint_parity/mn_l2_r1_r160_seed42.json,616af79809f6b3aeabfde260496a3679380e52767ffabcf420061abe068aa57c,9387828f5a90e2a2dfb2f68a0ffaaf812be81ca4fd4140d59373f7a57d0093fd,3c43e6a13aaa0a0037c012ccbddc84beb27d24957eb696cd736251ccb1d826f6,2026-08-18T03:16:29+00:00,2026-08-18T08:56:05+00:00,True
mn_l2,160,spatial_r2,42,200,epoch199_ema_top1,69.78,32,8,200,False,/liziqing/yukai/otm_worktree_mncifar/work_dirs/classification/cifar_dtem_spatial_20260814/runs/mn_l2/spatial_r2/r160/seed42/summary.csv,c097d028f379ae095ceca336ed840836a0dc7d23cd305727c33fd248119093c5,d4b26d8c47e39c398936e62b91a04cbf10f615185339897e3738a9e8585a7575,/liziqing/yukai/otm_worktree_mncifar/work_dirs/classification/cifar_dtem_spatial_20260814/runs/mn_l2/spatial_r2/r160/seed42/manifest.json,82a72e25738a1d4f7ea58eef339e3505b6373f0de3b10b1e63bf2d5cf286706b,/liziqing/yukai/otm_worktree_mncifar/work_dirs/classification/cifar_dtem_spatial_20260814/runs/mn_l2/spatial_r2/r160/seed42/completion.json,e0eb4a99b1083f5d4b1d9765279952159288afac7da89b514c01a94f0fed7aad,/liziqing/yukai/otm_worktree_mncifar/work_dirs/classification/cifar_dtem_spatial_20260814/runs/mn_l2/spatial_r2/r160/seed42/last.pth.tar,f679da8aa3b106ba09bc0624d4e51d82c9a565e26f90f948b46a0150d92f2f8a,False,/liziqing/yukai/otm_worktree_mncifar/work_dirs/classification/cifar_dtem_spatial_20260814/evaluation/checkpoint_parity/mn_l2_r2_r160_seed42.json,09a804c00a6931a8619d232fb6551781c051115812709ac9b616361513b1403b,9387828f5a90e2a2dfb2f68a0ffaaf812be81ca4fd4140d59373f7a57d0093fd,3c43e6a13aaa0a0037c012ccbddc84beb27d24957eb696cd736251ccb1d826f6,2026-08-18T03:16:29+00:00,2026-08-18T08:54:38+00:00,True
mn_l2,160,spatial_r3,42,200,epoch199_ema_top1,69.42,32,8,200,False,/liziqing/yukai/otm_worktree_mncifar/work_dirs/classification/cifar_dtem_spatial_20260814/runs/mn_l2/spatial_r3/r160/seed42/summary.csv,0d30ce959af5791d7f3be754e84bde68e84cd601483cbde3dd7c64279e92cf7a,07ab5ab265f4e8c60081b7860076dd6322a2fd2752d25019f7f61a0b5531b712,/liziqing/yukai/otm_worktree_mncifar/work_dirs/classification/cifar_dtem_spatial_20260814/runs/mn_l2/spatial_r3/r160/seed42/manifest.json,fcd5906fb91a58b3d252eb76b33e351ac1b7253140602b91d882646f5d2089ec,/liziqing/yukai/otm_worktree_mncifar/work_dirs/classification/cifar_dtem_spatial_20260814/runs/mn_l2/spatial_r3/r160/seed42/completion.json,85359acce58621de6f4b1b611bf3d7ea0fd7862d82ccaf0fa5653ab72fd765f7,/liziqing/yukai/otm_worktree_mncifar/work_dirs/classification/cifar_dtem_spatial_20260814/runs/mn_l2/spatial_r3/r160/seed42/last.pth.tar,f52228b5a1d79c180413d6457bfddd1fa1383c459ca86e4c0ef4bb905994ab05,False,/liziqing/yukai/otm_worktree_mncifar/work_dirs/classification/cifar_dtem_spatial_20260814/evaluation/checkpoint_parity/mn_l2_r3_r160_seed42.json,0fdaa1db12792ad4e03307cf444eeb1835e87f74a59c56aadf1c445325a8ea61,9387828f5a90e2a2dfb2f68a0ffaaf812be81ca4fd4140d59373f7a57d0093fd,3c43e6a13aaa0a0037c012ccbddc84beb27d24957eb696cd736251ccb1d826f6,2026-08-18T06:03:42+00:00,2026-08-18T12:10:15+00:00,True
mn_l2,160,spatial_r4,42,200,epoch199_ema_top1,68.59,32,8,200,False,/liziqing/yukai/otm_worktree_mncifar/work_dirs/classification/cifar_dtem_spatial_20260814/runs/mn_l2/spatial_r4/r160/seed42/summary.csv,6b7168acd25067df398937c7f83f80de3eac9df3b49847add5369109716c4105,0173dec66b910b1ce72d413ac7a6c728892a96c29eb381be1599ee08b107f7c7,/liziqing/yukai/otm_worktree_mncifar/work_dirs/classification/cifar_dtem_spatial_20260814/runs/mn_l2/spatial_r4/r160/seed42/manifest.json,5d7c9af1f883dd4026a54a25582774f5083179bb69ae92dcf8fcb4a0d9d6b4f9,/liziqing/yukai/otm_worktree_mncifar/work_dirs/classification/cifar_dtem_spatial_20260814/runs/mn_l2/spatial_r4/r160/seed42/completion.json,f7f0d9206082a58b81bf9f713455bdbe7614a57577352b3f04d73d88da1a7ac5,/liziqing/yukai/otm_worktree_mncifar/work_dirs/classification/cifar_dtem_spatial_20260814/runs/mn_l2/spatial_r4/r160/seed42/last.pth.tar,b0e2aed3148539e4cbb30fe88efa422ad4d3769092328c321d435f7a3fe1cfe5,False,/liziqing/yukai/otm_worktree_mncifar/work_dirs/classification/cifar_dtem_spatial_20260814/evaluation/checkpoint_parity/mn_l2_r4_r160_seed42.json,b4d5cdae8efb8c42bedfcb8200e61459078a2d9764dcfd3e235b7a9d36184d8e,9387828f5a90e2a2dfb2f68a0ffaaf812be81ca4fd4140d59373f7a57d0093fd,3c43e6a13aaa0a0037c012ccbddc84beb27d24957eb696cd736251ccb1d826f6,2026-08-18T07:41:40+00:00,2026-08-18T13:45:03+00:00,True
mn_l2,160,spatial_r8,42,200,epoch199_ema_top1,67.62,32,8,200,False,/liziqing/yukai/otm_worktree_mncifar/work_dirs/classification/cifar_dtem_spatial_20260814/runs/mn_l2/spatial_r8/r160/seed42/summary.csv,660d4a9ddde9b67cab4a82b1e4464a1e4a0599c893c93f078d10af705c3fb497,8f26e017b42076b20554e7dbd5ed7563ad86d023e97e24b8c66fb5349f7a4ae0,/liziqing/yukai/otm_worktree_mncifar/work_dirs/classification/cifar_dtem_spatial_20260814/runs/mn_l2/spatial_r8/r160/seed42/manifest.json,8e5a2afbac468c80496c2fff4fc203ad045ca68de75ea7694a641eae0003de0d,/liziqing/yukai/otm_worktree_mncifar/work_dirs/classification/cifar_dtem_spatial_20260814/runs/mn_l2/spatial_r8/r160/seed42/completion.json,86127f2ebac4a5522816311e7f9a9df1823f286d0e6ed7402fc2a35751c690f4,/liziqing/yukai/otm_worktree_mncifar/work_dirs/classification/cifar_dtem_spatial_20260814/runs/mn_l2/spatial_r8/r160/seed42/last.pth.tar,5ad696d54024b9ffb09528411b625dddacaff5edc7e4ee5c75f12510ac99eed8,False,/liziqing/yukai/otm_worktree_mncifar/work_dirs/classification/cifar_dtem_spatial_20260814/evaluation/checkpoint_parity/mn_l2_r8_r160_seed42.json,759ff15f62a5334f1496ced8605d06242ec5116e86acd130a9d4e0d0b26e36fc,9387828f5a90e2a2dfb2f68a0ffaaf812be81ca4fd4140d59373f7a57d0093fd,3c43e6a13aaa0a0037c012ccbddc84beb27d24957eb696cd736251ccb1d826f6,2026-08-18T08:24:37+00:00,2026-08-18T14:14:13+00:00,True
mn_l2,192,flat_w8_historical,42,200,epoch199_ema_top1,69.93,32,8,200,False,/liziqing/yukai/otm_worktree_mncifar/work_dirs/classification/cifar_resize_delivery_validation_20260810/runs/mn_l2/r192/seed42/summary.csv,bf5d398512f2e271d162b98d837825200f0e32ccde865b1bda9a8734c3a95254,e10eec2e00984b8e84d7340c41dfc2fb2e339c06b561b6289f756528ae83cbc9,/liziqing/yukai/otm_worktree_mncifar/work_dirs/classification/cifar_resize_delivery_validation_20260810/runs/mn_l2/r192/seed42/manifest.json,fccf600567a2b894f6ff890ae8fc918037ee74bc845a7b809083d81cc1976a3c,/liziqing/yukai/otm_worktree_mncifar/work_dirs/classification/cifar_resize_delivery_validation_20260810/runs/mn_l2/r192/seed42/completion.json,5457c20801b42880da6fac7c1ab0140734e86f31b1758775815f5314b7a35561,/liziqing/yukai/otm_worktree_mncifar/work_dirs/classification/cifar_resize_delivery_validation_20260810/runs/mn_l2/r192/seed42/last.pth.tar,8657a98d69702e5a0c7c7f48ef755cae4ceb36dace9149e668b67c4b4b42b065,False,,,2a0c7ff66c32eb167aef459fdc04d3d188deb0d2c6f1d0428dcf1b3cceedc94d,8124e12a905b10e37a95d06e877aea7d5219be6f1026074c4ea1d196eed91ce3,2026-08-13T08:46:24+00:00,2026-08-13T14:46:12+00:00,True
mn_l2,192,global,42,200,epoch199_ema_top1,69.42,32,8,200,False,/liziqing/yukai/otm_worktree_mncifar/work_dirs/classification/cifar_dtem_spatial_20260814/runs/mn_l2/global/r192/seed42/summary.csv,125676874c2a9365d1ba24cc9b8f95c8fa0d4f9131ff59def63e6e26072bdace,42a0820ff2e91c21875896c1d9a8831da37a9464119f228e6cf0ed7c9f0d80aa,/liziqing/yukai/otm_worktree_mncifar/work_dirs/classification/cifar_dtem_spatial_20260814/runs/mn_l2/global/r192/seed42/manifest.json,5ba6f925bec8b5c5fdfe0a0c67aee96a6f5e930264b1a41972524e51d788a73c,/liziqing/yukai/otm_worktree_mncifar/work_dirs/classification/cifar_dtem_spatial_20260814/runs/mn_l2/global/r192/seed42/completion.json,a634fb9cc2d60123ae362c3a43c994b6e6378bff50b19b32566c6ef85427015c,/liziqing/yukai/otm_worktree_mncifar/work_dirs/classification/cifar_dtem_spatial_20260814/runs/mn_l2/global/r192/seed42/last.pth.tar,368c2ba1997c747f42e2fc1f2e1ff17fda1ea1e848786d4c48e93c448b9da22a,False,/liziqing/yukai/otm_worktree_mncifar/work_dirs/classification/cifar_dtem_spatial_20260814/evaluation/checkpoint_parity/mn_l2_global_r192_seed42.json,19f1205f2b6fd73e78e1f9139dc30a38579aeed2d651d74c79c8efd7681de423,9387828f5a90e2a2dfb2f68a0ffaaf812be81ca4fd4140d59373f7a57d0093fd,3c43e6a13aaa0a0037c012ccbddc84beb27d24957eb696cd736251ccb1d826f6,2026-08-17T09:37:16+00:00,2026-08-17T14:59:23+00:00,True
mn_l2,192,spatial_r1,42,200,epoch199_ema_top1,70.11,32,8,200,False,/liziqing/yukai/otm_worktree_mncifar/work_dirs/classification/cifar_dtem_spatial_20260814/runs/mn_l2/spatial_r1/r192/seed42/summary.csv,e5b3e14a72ecd5661a42b008a092a016ed756c26e252af1e0ec7314d663053d3,8724d2db57834b162b86a6f58b8326a0766c7d78e873e2df04a64cec4074f8f3,/liziqing/yukai/otm_worktree_mncifar/work_dirs/classification/cifar_dtem_spatial_20260814/runs/mn_l2/spatial_r1/r192/seed42/manifest.json,50564ee9eceddf67a16cb1805ddb42229943fb6114efb5336b6bd604cf7f7bc0,/liziqing/yukai/otm_worktree_mncifar/work_dirs/classification/cifar_dtem_spatial_20260814/runs/mn_l2/spatial_r1/r192/seed42/completion.json,e7e6e630139b1ab51ef9501664e3c22c0f71ba2975cfc29acd58ff4ec7b68366,/liziqing/yukai/otm_worktree_mncifar/work_dirs/classification/cifar_dtem_spatial_20260814/runs/mn_l2/spatial_r1/r192/seed42/last.pth.tar,893365491a7efd1166dcb2646f7e06a77e632cc8934cb01880b6e32d71f0b715,False,/liziqing/yukai/otm_worktree_mncifar/work_dirs/classification/cifar_dtem_spatial_20260814/evaluation/checkpoint_parity/mn_l2_r1_r192_seed42.json,eade742135466e4f9cd3d14c19c747de0db853eb4015145054d9c45975aaabed,9387828f5a90e2a2dfb2f68a0ffaaf812be81ca4fd4140d59373f7a57d0093fd,3c43e6a13aaa0a0037c012ccbddc84beb27d24957eb696cd736251ccb1d826f6,2026-08-17T12:42:11+00:00,2026-08-17T19:59:10+00:00,True
mn_l2,192,spatial_r2,42,200,epoch199_ema_top1,70.65,32,8,200,False,/liziqing/yukai/otm_worktree_mncifar/work_dirs/classification/cifar_dtem_spatial_20260814/runs/mn_l2/spatial_r2/r192/seed42/summary.csv,763397f08bf5fa30529f0c0a8c90e5acaea6a2dfcf4d33dd64b8b9e14ea4e5fe,f4b4c25b231eac869008cf59b7226f3ebf85f480b23721c887df7d3b1dfa71bf,/liziqing/yukai/otm_worktree_mncifar/work_dirs/classification/cifar_dtem_spatial_20260814/runs/mn_l2/spatial_r2/r192/seed42/manifest.json,a70b9fbf8080799c1cad1a9bd723a8e0cb55aa28e8eca10d33e032cca63432c8,/liziqing/yukai/otm_worktree_mncifar/work_dirs/classification/cifar_dtem_spatial_20260814/runs/mn_l2/spatial_r2/r192/seed42/completion.json,59d2d28383e45bbb64735f2c4543db7af9a8a2087788ee28ab5cd50811c69932,/liziqing/yukai/otm_worktree_mncifar/work_dirs/classification/cifar_dtem_spatial_20260814/runs/mn_l2/spatial_r2/r192/seed42/last.pth.tar,ec01e495eeecc4b5dc3ab11fd38b678536f599b2147bd465543fab4a66e113b2,False,/liziqing/yukai/otm_worktree_mncifar/work_dirs/classification/cifar_dtem_spatial_20260814/evaluation/checkpoint_parity/mn_l2_r2_r192_seed42.json,72915bc69e2d1f376b14f130624eec8cf6798d9e55440ae31a3c23d9dd6c67be,9387828f5a90e2a2dfb2f68a0ffaaf812be81ca4fd4140d59373f7a57d0093fd,3c43e6a13aaa0a0037c012ccbddc84beb27d24957eb696cd736251ccb1d826f6,2026-08-17T13:12:38+00:00,2026-08-17T20:43:44+00:00,True
mn_l2,192,spatial_r3,42,200,epoch199_ema_top1,70.85,32,8,200,False,/liziqing/yukai/otm_worktree_mncifar/work_dirs/classification/cifar_dtem_spatial_20260814/runs/mn_l2/spatial_r3/r192/seed42/summary.csv,63e91d0ee6f33c101b1df6790a673f95e6da445479d975b3a6aca93dffc1b54f,0be8f946c77acf71394a71b91d87ac61a16fb69950f2007af230c66ce7710061,/liziqing/yukai/otm_worktree_mncifar/work_dirs/classification/cifar_dtem_spatial_20260814/runs/mn_l2/spatial_r3/r192/seed42/manifest.json,7cc5f4eea448d12767ced64bcb42e01f122c7895ee4d386997306e2dec66c81c,/liziqing/yukai/otm_worktree_mncifar/work_dirs/classification/cifar_dtem_spatial_20260814/runs/mn_l2/spatial_r3/r192/seed42/completion.json,d6cc99f27263b306215d7f613a21f4b745cbcfe7420603a64b6269571720b0b2,/liziqing/yukai/otm_worktree_mncifar/work_dirs/classification/cifar_dtem_spatial_20260814/runs/mn_l2/spatial_r3/r192/seed42/last.pth.tar,bb1b3c875f4058f8b206f5076a70b49d590a40552e73108dfc563594cd40d169,False,/liziqing/yukai/otm_worktree_mncifar/work_dirs/classification/cifar_dtem_spatial_20260814/evaluation/checkpoint_parity/mn_l2_r3_r192_seed42.json,1e71561500e8195f35a2c290fbb6301757f18f1cb1cff26377d628a56e926f12,9387828f5a90e2a2dfb2f68a0ffaaf812be81ca4fd4140d59373f7a57d0093fd,3c43e6a13aaa0a0037c012ccbddc84beb27d24957eb696cd736251ccb1d826f6,2026-08-17T13:21:41+00:00,2026-08-17T20:58:43+00:00,True
mn_l2,192,spatial_r4,42,200,epoch199_ema_top1,70.61,32,8,200,False,/liziqing/yukai/otm_worktree_mncifar/work_dirs/classification/cifar_dtem_spatial_20260814/runs/mn_l2/spatial_r4/r192/seed42/summary.csv,f46e541a2343fe34f28a3174a54b35fd8adbe298a3dde689bbf6f683569e8c04,18beabb33dfebe0d9536a1bd756c42743ab9275e516bf6f9799aacbb630cd430,/liziqing/yukai/otm_worktree_mncifar/work_dirs/classification/cifar_dtem_spatial_20260814/runs/mn_l2/spatial_r4/r192/seed42/manifest.json,f7b70052e73178086234e5a1bd9826e826d8090774fb80d714b5cce0f221ee4a,/liziqing/yukai/otm_worktree_mncifar/work_dirs/classification/cifar_dtem_spatial_20260814/runs/mn_l2/spatial_r4/r192/seed42/completion.json,4fb88bc443b4dffbf3aef59c6595a903e0756f1d86917dae33d4ec7337703ef2,/liziqing/yukai/otm_worktree_mncifar/work_dirs/classification/cifar_dtem_spatial_20260814/runs/mn_l2/spatial_r4/r192/seed42/last.pth.tar,785a10eb34363260a07ab27c525b8ec40d6ad9710e369fc721db0e10e749f210,False,/liziqing/yukai/otm_worktree_mncifar/work_dirs/classification/cifar_dtem_spatial_20260814/evaluation/checkpoint_parity/mn_l2_r4_r192_seed42.json,1ee580d34893528ef0165f0a9b626710a798af1f73270d8dbdecd8abdedc2c9f,9387828f5a90e2a2dfb2f68a0ffaaf812be81ca4fd4140d59373f7a57d0093fd,3c43e6a13aaa0a0037c012ccbddc84beb27d24957eb696cd736251ccb1d826f6,2026-08-17T14:13:45+00:00,2026-08-17T21:40:47+00:00,True
mn_l2,192,spatial_r8,42,200,epoch199_ema_top1,68.75,32,8,200,False,/liziqing/yukai/otm_worktree_mncifar/work_dirs/classification/cifar_dtem_spatial_20260814/runs/mn_l2/spatial_r8/r192/seed42/summary.csv,d21bf225c666c5b2ae2e73cc01fb6a2a88bbeedea9094bbbe55506872812434b,52dcae639271f9cecb553e91c6cb4c5c72b9cf0058ec31101a049f65dc49465c,/liziqing/yukai/otm_worktree_mncifar/work_dirs/classification/cifar_dtem_spatial_20260814/runs/mn_l2/spatial_r8/r192/seed42/manifest.json,8d0c4cfa9405c6d7594ad697d510c29f638ab5933ecc9c568ec26826cea26537,/liziqing/yukai/otm_worktree_mncifar/work_dirs/classification/cifar_dtem_spatial_20260814/runs/mn_l2/spatial_r8/r192/seed42/completion.json,0bd6c0be7724ae5e54bd2da649f1e294eccaf09dfe643f558fc483419b999c54,/liziqing/yukai/otm_worktree_mncifar/work_dirs/classification/cifar_dtem_spatial_20260814/runs/mn_l2/spatial_r8/r192/seed42/last.pth.tar,658f06493fc487e87c80997186108916d9ac0624f435f505955d97293b7afb25,False,/liziqing/yukai/otm_worktree_mncifar/work_dirs/classification/cifar_dtem_spatial_20260814/evaluation/checkpoint_parity/mn_l2_r8_r192_seed42.json,140bdc4626e8e1c6895dff84566a89f7fa38410c1b1f2f9c9deadbccace5733e,9387828f5a90e2a2dfb2f68a0ffaaf812be81ca4fd4140d59373f7a57d0093fd,3c43e6a13aaa0a0037c012ccbddc84beb27d24957eb696cd736251ccb1d826f6,2026-08-17T14:13:45+00:00,2026-08-17T21:40:47+00:00,True
mn_l2,224,flat_w8_historical,42,200,epoch199_ema_top1,70.53,32,8,200,False,/liziqing/yukai/otm_worktree_mncifar/work_dirs/classification/cifar_resize_delivery_validation_20260810/runs/mn_l2/r224/seed42/summary.csv,8b4c318de2bcdc1e5e9a7a8e81a99545af9f6510b20606cc658cb190b97ea6dd,e70b00db170ee69a1882a2ccd8154e79439f5ce0ccf411edde54d3e7b8bb4d95,/liziqing/yukai/otm_worktree_mncifar/work_dirs/classification/cifar_resize_delivery_validation_20260810/runs/mn_l2/r224/seed42/manifest.json,33efd6f3cd2f84ae4b9cd4c5a3f873a8422fd0ea8b8762f60c706fc298ac25ee,/liziqing/yukai/otm_worktree_mncifar/work_dirs/classification/cifar_resize_delivery_validation_20260810/runs/mn_l2/r224/seed42/completion.json,d8c57ea60a2f56839fe1c7933aabeeef539979c1abff0ab4040cd0032cc2d451,/liziqing/yukai/otm_worktree_mncifar/work_dirs/classification/cifar_resize_delivery_validation_20260810/runs/mn_l2/r224/seed42/last.pth.tar,7de67df58e3ed8fcf7ed1855fb9a6a52c7971b86c09d37560dc582522c9b97d6,False,,,2a0c7ff66c32eb167aef459fdc04d3d188deb0d2c6f1d0428dcf1b3cceedc94d,8124e12a905b10e37a95d06e877aea7d5219be6f1026074c4ea1d196eed91ce3,2026-08-12T01:50:30+00:00,2026-08-12T09:59:31+00:00,True
mn_l2,224,global,42,200,epoch199_ema_top1,69.5,32,8,200,False,/liziqing/yukai/otm_worktree_mncifar/work_dirs/classification/cifar_dtem_spatial_20260814/runs/mn_l2/global/r224/seed42/summary.csv,012405cdb8f763129ad3abd9109c9a69ede7a10137e4b559ba3b917f6241dd13,fd8cc3cc08f845b599792202f828426d25da476ca7bf93eaa4a01fda5a64611c,/liziqing/yukai/otm_worktree_mncifar/work_dirs/classification/cifar_dtem_spatial_20260814/runs/mn_l2/global/r224/seed42/manifest.json,6cfde3101f5d7c585811c2b7baed3e250c86ed63bdb9963b9bd4a8dc23d5a41f,/liziqing/yukai/otm_worktree_mncifar/work_dirs/classification/cifar_dtem_spatial_20260814/runs/mn_l2/global/r224/seed42/completion.json,5438d4aad5c6764792eeaa2fe786e7881ead0d83c346057d339c35e31086a722,/liziqing/yukai/otm_worktree_mncifar/work_dirs/classification/cifar_dtem_spatial_20260814/runs/mn_l2/global/r224/seed42/last.pth.tar,611ca621e039b49b507d1b95d7da6034f543b7a7e241cd9e62e6ef8c5c6395d0,False,/liziqing/yukai/otm_worktree_mncifar/work_dirs/classification/cifar_dtem_spatial_20260814/evaluation/checkpoint_parity/mn_l2_global_r224_seed42.json,00d35b3f33c2bc5c904aa16aec6b76cc9d9b951dc7d58c42ec6b1593a054408a,9387828f5a90e2a2dfb2f68a0ffaaf812be81ca4fd4140d59373f7a57d0093fd,3c43e6a13aaa0a0037c012ccbddc84beb27d24957eb696cd736251ccb1d826f6,2026-08-16T19:29:35+00:00,2026-08-17T02:30:21+00:00,True
mn_l2,224,spatial_r1,42,200,epoch199_ema_top1,71.42,32,8,200,False,/liziqing/yukai/otm_worktree_mncifar/work_dirs/classification/cifar_dtem_spatial_20260814/runs/mn_l2/spatial_r1/r224/seed42/summary.csv,5d703d779b6dee6c1f23b2cf2ce657fbed40ba5a1e18fca43cd41f35aa122df5,96463001d751baf5a76d37a4cb01f8a97319212cc4b9a9edcfcc16bd476ca918,/liziqing/yukai/otm_worktree_mncifar/work_dirs/classification/cifar_dtem_spatial_20260814/runs/mn_l2/spatial_r1/r224/seed42/manifest.json,ee72b0e49efa41e725e0a7031ae83c7d8fcbb91173a6051ae4202b6ac14d567b,/liziqing/yukai/otm_worktree_mncifar/work_dirs/classification/cifar_dtem_spatial_20260814/runs/mn_l2/spatial_r1/r224/seed42/completion.json,6f109ef1c50f03fdebb3465885d674796fab6699b6a82dee14b6ec0a0197ce56,/liziqing/yukai/otm_worktree_mncifar/work_dirs/classification/cifar_dtem_spatial_20260814/runs/mn_l2/spatial_r1/r224/seed42/last.pth.tar,079ca44dee24188c9eca6806ef810801346820554d43d21573b32b49dd5d1d0a,False,/liziqing/yukai/otm_worktree_mncifar/work_dirs/classification/cifar_dtem_spatial_20260814/evaluation/checkpoint_parity/mn_l2_r1_r224_seed42.json,0d7e55ba40e3d8a3cc7cca82d07948bd2f47619dba2ebdf463a17d77ae813aac,9387828f5a90e2a2dfb2f68a0ffaaf812be81ca4fd4140d59373f7a57d0093fd,3c43e6a13aaa0a0037c012ccbddc84beb27d24957eb696cd736251ccb1d826f6,2026-08-16T19:38:43+00:00,2026-08-17T02:52:13+00:00,True
mn_l2,224,spatial_r2,42,200,epoch199_ema_top1,71.39,32,8,200,False,/liziqing/yukai/otm_worktree_mncifar/work_dirs/classification/cifar_dtem_spatial_20260814/runs/mn_l2/spatial_r2/r224/seed42/summary.csv,bb55a080a53bf61828e72e1d649c592b89dc6673aeb066a2a030a0396ac97f7a,9495678f7beb415baf01e2abe4a624455904323a7d6d00f2809c4e2f908a3c4c,/liziqing/yukai/otm_worktree_mncifar/work_dirs/classification/cifar_dtem_spatial_20260814/runs/mn_l2/spatial_r2/r224/seed42/manifest.json,5d8c550b83e676300fdce163a39ca0903d6fff0b32ad57a87d337a7a2ea305fd,/liziqing/yukai/otm_worktree_mncifar/work_dirs/classification/cifar_dtem_spatial_20260814/runs/mn_l2/spatial_r2/r224/seed42/completion.json,f0e2bdd2d716e7b5f1de8f885ee9c43645880d42c155310f42a2342993b99b8d,/liziqing/yukai/otm_worktree_mncifar/work_dirs/classification/cifar_dtem_spatial_20260814/runs/mn_l2/spatial_r2/r224/seed42/last.pth.tar,ad83c2bccff5a27c2d573a7600662f5abe2557fa3b50d56fc11bd83d46c284c5,False,/liziqing/yukai/otm_worktree_mncifar/work_dirs/classification/cifar_dtem_spatial_20260814/evaluation/checkpoint_parity/mn_l2_r2_r224_seed42.json,c1d7cc1afd9bf11e80d20275190d43bf0a0d223878dfe590eb8a6ed2976d935e,9387828f5a90e2a2dfb2f68a0ffaaf812be81ca4fd4140d59373f7a57d0093fd,3c43e6a13aaa0a0037c012ccbddc84beb27d24957eb696cd736251ccb1d826f6,2026-08-17T00:49:31+00:00,2026-08-17T08:08:16+00:00,True
mn_l2,224,spatial_r3,42,200,epoch199_ema_top1,70.53,32,8,200,False,/liziqing/yukai/otm_worktree_mncifar/work_dirs/classification/cifar_dtem_spatial_20260814/runs/mn_l2/spatial_r3/r224/seed42/summary.csv,20ed3b3c6970bd6df73f5aff6fb26ca05319199e97467f884991b2694f26a0e7,d2ced4f278421be702a23b39ec2b49b31ef3f545568be0d9873b022e02092b96,/liziqing/yukai/otm_worktree_mncifar/work_dirs/classification/cifar_dtem_spatial_20260814/runs/mn_l2/spatial_r3/r224/seed42/manifest.json,f6150d6261c7dac31093f33ee1153771a72888db05614759f51ad0648a0060b2,/liziqing/yukai/otm_worktree_mncifar/work_dirs/classification/cifar_dtem_spatial_20260814/runs/mn_l2/spatial_r3/r224/seed42/completion.json,2d50b9dc34ba611e1c4bf48a4f2a4a3780ac783097fde6fa8e2484b3b37597cc,/liziqing/yukai/otm_worktree_mncifar/work_dirs/classification/cifar_dtem_spatial_20260814/runs/mn_l2/spatial_r3/r224/seed42/last.pth.tar,d4ac70c9f4b84c7e2c70e83249bd1827da94cd849cfded0a9ef809f456fb11d6,False,/liziqing/yukai/otm_worktree_mncifar/work_dirs/classification/cifar_dtem_spatial_20260814/evaluation/checkpoint_parity/mn_l2_r3_r224_seed42.json,744c6f41d7efc2e6f2d09e3169dbd929240ef9d0e59e854920b665c7f1d498b5,9387828f5a90e2a2dfb2f68a0ffaaf812be81ca4fd4140d59373f7a57d0093fd,3c43e6a13aaa0a0037c012ccbddc84beb27d24957eb696cd736251ccb1d826f6,2026-08-17T01:47:15+00:00,2026-08-17T15:59:35+00:00,True
mn_l2,224,spatial_r4,42,200,epoch199_ema_top1,70.6,32,8,200,False,/liziqing/yukai/otm_worktree_mncifar/work_dirs/classification/cifar_dtem_spatial_20260814/runs/mn_l2/spatial_r4/r224/seed42/summary.csv,f7b35c2fc2be9c4cb0e4b26b941b7732dcb78c230ca0fe062e8ab0251e368553,0a0c2810a9ac9cc08adc801786700bc4df3e3c27cdc00abb529a7af0125c708d,/liziqing/yukai/otm_worktree_mncifar/work_dirs/classification/cifar_dtem_spatial_20260814/runs/mn_l2/spatial_r4/r224/seed42/manifest.json,3700ad23d8e1a11ff7c6bdcb3c6a846c945c6e756fbf4c6fec3406bfb931737a,/liziqing/yukai/otm_worktree_mncifar/work_dirs/classification/cifar_dtem_spatial_20260814/runs/mn_l2/spatial_r4/r224/seed42/completion.json,a6befec5729c3d9b9a9d497049fe17bce02be63ba9ba6e03da8c74ff827734a5,/liziqing/yukai/otm_worktree_mncifar/work_dirs/classification/cifar_dtem_spatial_20260814/runs/mn_l2/spatial_r4/r224/seed42/last.pth.tar,061fe9db5d8b4e91cf89ef41891c725d453e88da275250f674fdeafc7873659f,False,/liziqing/yukai/otm_worktree_mncifar/work_dirs/classification/cifar_dtem_spatial_20260814/evaluation/checkpoint_parity/mn_l2_r4_r224_seed42.json,a56b012d33f4619e02f8936f63eccde7aedfea9f998379b836534dcb23607a11,9387828f5a90e2a2dfb2f68a0ffaaf812be81ca4fd4140d59373f7a57d0093fd,3c43e6a13aaa0a0037c012ccbddc84beb27d24957eb696cd736251ccb1d826f6,2026-08-17T01:47:20+00:00,2026-08-17T09:01:53+00:00,True
mn_l2,224,spatial_r8,42,200,epoch199_ema_top1,68.87,32,8,200,False,/liziqing/yukai/otm_worktree_mncifar/work_dirs/classification/cifar_dtem_spatial_20260814/runs/mn_l2/spatial_r8/r224/seed42/summary.csv,e83cc295961b4dfc47fc72ca9574c2297c233ba78ab519058225415d5050ebe2,8907a97c7e3697c8596d7ae88c49948d51bf85c6ff86fae320a27c3b394e858d,/liziqing/yukai/otm_worktree_mncifar/work_dirs/classification/cifar_dtem_spatial_20260814/runs/mn_l2/spatial_r8/r224/seed42/manifest.json,8c6dcb77482e56ba0ae9421287e2f4a0d52dd2b0b87ff2cd75ed172ea951f544,/liziqing/yukai/otm_worktree_mncifar/work_dirs/classification/cifar_dtem_spatial_20260814/runs/mn_l2/spatial_r8/r224/seed42/completion.json,81cfaf9b8def98728f43ff38f9b006f5aca437d5aaa577f55451e33c7b8bf93f,/liziqing/yukai/otm_worktree_mncifar/work_dirs/classification/cifar_dtem_spatial_20260814/runs/mn_l2/spatial_r8/r224/seed42/last.pth.tar,7dc4d0bf10830c85e9e52b0c3ba1d32d2d652e0c4b2bbacd9cf2dc783d97d253,False,/liziqing/yukai/otm_worktree_mncifar/work_dirs/classification/cifar_dtem_spatial_20260814/evaluation/checkpoint_parity/mn_l2_r8_r224_seed42.json,edd8b4fb20a56bc0d1b43753fa3c4775de4679c508b278b3658c5f83b6a847ef,9387828f5a90e2a2dfb2f68a0ffaaf812be81ca4fd4140d59373f7a57d0093fd,3c43e6a13aaa0a0037c012ccbddc84beb27d24957eb696cd736251ccb1d826f6,2026-08-17T02:20:14+00:00,2026-08-17T09:36:16+00:00,True
mn_l2,256,flat_w8_historical,42,200,epoch199_ema_top1,70.12,32,8,100,False,/liziqing/yukai/otm_worktree_mncifar/work_dirs/classification/cifar_resize_delivery_validation_20260810/runs/mn_l2/r256/seed42/summary.csv,41b149c0ccb78c87253f4fa56227169fccbeed74897fd01e70b77ba86a35da60,ce0db02917cd371cb2295424e299a7f7a38d600e9cc83ecdd768b677f7af07e7,/liziqing/yukai/otm_worktree_mncifar/work_dirs/classification/cifar_resize_delivery_validation_20260810/runs/mn_l2/r256/seed42/manifest.json,0712ebc3d8af2aea8b895ee659d322c126d41296b869ab8784c64466fe2f7701,/liziqing/yukai/otm_worktree_mncifar/work_dirs/classification/cifar_resize_delivery_validation_20260810/runs/mn_l2/r256/seed42/completion.json,2f6a9d90426b9ef87cb708ef9dc23dee0f122dfe50094517006badbf136d06dd,/liziqing/yukai/otm_worktree_mncifar/work_dirs/classification/cifar_resize_delivery_validation_20260810/runs/mn_l2/r256/seed42/last.pth.tar,8164d410b471f4411cb29a9e7345e262511a571388b59047f63dc16fb4aa8ec7,False,,,2a0c7ff66c32eb167aef459fdc04d3d188deb0d2c6f1d0428dcf1b3cceedc94d,8124e12a905b10e37a95d06e877aea7d5219be6f1026074c4ea1d196eed91ce3,2026-08-11T20:44:54+00:00,2026-08-12T07:45:34+00:00,True
mn_l2,256,global,42,200,epoch199_ema_top1,69.5,32,8,100,False,/liziqing/yukai/otm_worktree_mncifar/work_dirs/classification/cifar_dtem_spatial_20260814/runs/mn_l2/global/r256/seed42/summary.csv,ddbc4ceebf45f864c0beeeb58909afea2ec8d4e6c4d1158cf1a6e2ac75f4aa00,a99a4990754126c6439b4fc10028e1095b5de572b55d415b4e75ac0b5e7aad1d,/liziqing/yukai/otm_worktree_mncifar/work_dirs/classification/cifar_dtem_spatial_20260814/runs/mn_l2/global/r256/seed42/manifest.json,4b291c86ec18a98c44829a6d44b4da553a3bb49c8f530c2bf89ab6f5f1f760fb,/liziqing/yukai/otm_worktree_mncifar/work_dirs/classification/cifar_dtem_spatial_20260814/runs/mn_l2/global/r256/seed42/completion.json,1f53f4e8eccbbe121a5606febba7ca7f43ce00e4cb3778d5c4226b0309701eee,/liziqing/yukai/otm_worktree_mncifar/work_dirs/classification/cifar_dtem_spatial_20260814/runs/mn_l2/global/r256/seed42/last.pth.tar,74709d6ef5c987df72e8296e823a0715f9917b257cf0c66916b9d2ad78b9f6aa,False,/liziqing/yukai/otm_worktree_mncifar/work_dirs/classification/cifar_dtem_spatial_20260814/evaluation/checkpoint_parity/mn_l2_global_r256_seed42.json,5337c154a5e5fb488add77c98a0a74153cb7b78ab653e6449a9b8427f61358ce,9387828f5a90e2a2dfb2f68a0ffaaf812be81ca4fd4140d59373f7a57d0093fd,3c43e6a13aaa0a0037c012ccbddc84beb27d24957eb696cd736251ccb1d826f6,2026-08-15T23:06:35+00:00,2026-08-16T08:39:46+00:00,True
mn_l2,256,spatial_r1,42,200,epoch199_ema_top1,71.14,32,8,100,False,/liziqing/yukai/otm_worktree_mncifar/work_dirs/classification/cifar_dtem_spatial_20260814/runs/mn_l2/spatial_r1/r256/seed42/summary.csv,a3edbab1697bcf5243e7d26afb53ab83737cb86d2d18b6e7fc989176868de491,18294d09d5feef223661fb7e86eb0b803bef6bab4e870b4c187c8b59d2b46cd8,/liziqing/yukai/otm_worktree_mncifar/work_dirs/classification/cifar_dtem_spatial_20260814/runs/mn_l2/spatial_r1/r256/seed42/manifest.json,2fae16a896c35bc10cfc4ca56faa4e98ab3222d4e44559b5e6eceba85c4049ec,/liziqing/yukai/otm_worktree_mncifar/work_dirs/classification/cifar_dtem_spatial_20260814/runs/mn_l2/spatial_r1/r256/seed42/completion.json,28d51ffc6dab1684f6bdec04e99773d484a482820ce9e4e157d04df250c0e442,/liziqing/yukai/otm_worktree_mncifar/work_dirs/classification/cifar_dtem_spatial_20260814/runs/mn_l2/spatial_r1/r256/seed42/last.pth.tar,286586a6928a5c381d0b784ff5abef6900c2d4e5b592d6021c7bec70d3e9a700,False,/liziqing/yukai/otm_worktree_mncifar/work_dirs/classification/cifar_dtem_spatial_20260814/evaluation/checkpoint_parity/mn_l2_r1_r256_seed42.json,b5bff1c4e49859ab43162b4e9108a73b637342921cfdd6e7ada7a2108f13bd57,9387828f5a90e2a2dfb2f68a0ffaaf812be81ca4fd4140d59373f7a57d0093fd,3c43e6a13aaa0a0037c012ccbddc84beb27d24957eb696cd736251ccb1d826f6,2026-08-15T23:37:20+00:00,2026-08-16T09:34:48+00:00,True
mn_l2,256,spatial_r2,42,200,epoch199_ema_top1,71.9,32,8,100,False,/liziqing/yukai/otm_worktree_mncifar/work_dirs/classification/cifar_dtem_spatial_20260814/runs/mn_l2/spatial_r2/r256/seed42/summary.csv,5f42f86d07757572280a41a58d20326256ce83e1620e68cbdbb8737288c4a2b4,671bb771ed613c89dd88e216c7ac8bff0ecc31e853e10058cd806a5e23aa1089,/liziqing/yukai/otm_worktree_mncifar/work_dirs/classification/cifar_dtem_spatial_20260814/runs/mn_l2/spatial_r2/r256/seed42/manifest.json,5c63509f862f2b6c606d82181146cd2d10d051bb599680fb3c308f53468542cb,/liziqing/yukai/otm_worktree_mncifar/work_dirs/classification/cifar_dtem_spatial_20260814/runs/mn_l2/spatial_r2/r256/seed42/completion.json,97db9d24376fc31631c340611c12a42bdfce0e1be8f840817e3d7bc0019f0085,/liziqing/yukai/otm_worktree_mncifar/work_dirs/classification/cifar_dtem_spatial_20260814/runs/mn_l2/spatial_r2/r256/seed42/last.pth.tar,9ef58f05dedd4a37b45f63166c69fd23499799a3ceeb879e9ca8c4e9d9c1f90b,False,/liziqing/yukai/otm_worktree_mncifar/work_dirs/classification/cifar_dtem_spatial_20260814/evaluation/checkpoint_parity/mn_l2_r2_r256_seed42.json,e0f569614b9f5340ef510c3770b0a65700d2b4f72612f2bf7dfa8143a2b04077,9387828f5a90e2a2dfb2f68a0ffaaf812be81ca4fd4140d59373f7a57d0093fd,3c43e6a13aaa0a0037c012ccbddc84beb27d24957eb696cd736251ccb1d826f6,2026-08-16T02:05:48+00:00,2026-08-16T12:05:32+00:00,True
mn_l2,256,spatial_r3,42,200,epoch199_ema_top1,71.03,32,8,100,False,/liziqing/yukai/otm_worktree_mncifar/work_dirs/classification/cifar_dtem_spatial_20260814/runs/mn_l2/spatial_r3/r256/seed42/summary.csv,77b4d51a17f19dd6ae8834934047398f8622f84de5cb67994a830d9348c8ac18,8432bdba8d5c8ff0d3a825f970122653c522a35f20d90bcad29261a4252f9a0f,/liziqing/yukai/otm_worktree_mncifar/work_dirs/classification/cifar_dtem_spatial_20260814/runs/mn_l2/spatial_r3/r256/seed42/manifest.json,53bdfc77bcd410640da25f93619ecf02cf69682473f324b5702f4f5909f80f45,/liziqing/yukai/otm_worktree_mncifar/work_dirs/classification/cifar_dtem_spatial_20260814/runs/mn_l2/spatial_r3/r256/seed42/completion.json,27a8bd2ba86de82a4b278b74f90ea52298bcf4141d38f9e26932af667b1a9568,/liziqing/yukai/otm_worktree_mncifar/work_dirs/classification/cifar_dtem_spatial_20260814/runs/mn_l2/spatial_r3/r256/seed42/last.pth.tar,98260ffb6b82e901fc93ea5f1b714930119697ea8867fe09d62549a485cb6d74,False,/liziqing/yukai/otm_worktree_mncifar/work_dirs/classification/cifar_dtem_spatial_20260814/evaluation/checkpoint_parity/mn_l2_r3_r256_seed42.json,98702986cb089ab364a6ded11eb0374cbed3360ce41b2040811e22bcab42d794,9387828f5a90e2a2dfb2f68a0ffaaf812be81ca4fd4140d59373f7a57d0093fd,3c43e6a13aaa0a0037c012ccbddc84beb27d24957eb696cd736251ccb1d826f6,2026-08-16T08:41:01+00:00,2026-08-16T18:42:52+00:00,True
mn_l2,256,spatial_r4,42,200,epoch199_ema_top1,70.76,32,8,100,False,/liziqing/yukai/otm_worktree_mncifar/work_dirs/classification/cifar_dtem_spatial_20260814/runs/mn_l2/spatial_r4/r256/seed42/summary.csv,aca445a8258036b8e7b4bbfd3bae2615544e5985d3b75c886ce60d438109869d,6c189831cc68086a5b61163deb26e63efea452a27042111035d8dcc8ad243abd,/liziqing/yukai/otm_worktree_mncifar/work_dirs/classification/cifar_dtem_spatial_20260814/runs/mn_l2/spatial_r4/r256/seed42/manifest.json,7759a4d512ada1bde48daf574621e92fb36c6cdcb2144fa3afe5af28dcc968e1,/liziqing/yukai/otm_worktree_mncifar/work_dirs/classification/cifar_dtem_spatial_20260814/runs/mn_l2/spatial_r4/r256/seed42/completion.json,bd7aeb2b9b1bb06fa27c68d9514299bdfa49b87508055632b3c559239f9b96e8,/liziqing/yukai/otm_worktree_mncifar/work_dirs/classification/cifar_dtem_spatial_20260814/runs/mn_l2/spatial_r4/r256/seed42/last.pth.tar,2702e11f940242eb7728ce77352d145e6546cd664ed945650e414ea037be6250,False,/liziqing/yukai/otm_worktree_mncifar/work_dirs/classification/cifar_dtem_spatial_20260814/evaluation/checkpoint_parity/mn_l2_r4_r256_seed42.json,df4cf0cb7a1c160e868ef4883c6333aeb8d24e428870ab0cad75d2c986011ecd,9387828f5a90e2a2dfb2f68a0ffaaf812be81ca4fd4140d59373f7a57d0093fd,3c43e6a13aaa0a0037c012ccbddc84beb27d24957eb696cd736251ccb1d826f6,2026-08-16T09:27:45+00:00,2026-08-16T19:28:47+00:00,True
mn_l2,256,spatial_r8,42,200,epoch199_ema_top1,69.32,32,8,100,False,/liziqing/yukai/otm_worktree_mncifar/work_dirs/classification/cifar_dtem_spatial_20260814/runs/mn_l2/spatial_r8/r256/seed42/summary.csv,6864e447c47f51804337bde8577581c0a00c93e701012aa8e63dc344d7514cd6,83844f4c5b26d27ca37fa113f547f8625318cb904932a443f197f1748d675313,/liziqing/yukai/otm_worktree_mncifar/work_dirs/classification/cifar_dtem_spatial_20260814/runs/mn_l2/spatial_r8/r256/seed42/manifest.json,1d7a73d1a0dc48d119797073ba78cce4613261daa0e6b6e5246bc0d3ed25144e,/liziqing/yukai/otm_worktree_mncifar/work_dirs/classification/cifar_dtem_spatial_20260814/runs/mn_l2/spatial_r8/r256/seed42/completion.json,60af956e4d46bbaa4031b30d3a2fd4ffb3694e256b94d4b4dd3475498aef14f9,/liziqing/yukai/otm_worktree_mncifar/work_dirs/classification/cifar_dtem_spatial_20260814/runs/mn_l2/spatial_r8/r256/seed42/last.pth.tar,4fdbeba337a1deed3646a3a9763657dad1c2862f5eaeb99fd63308aae6d4275d,False,/liziqing/yukai/otm_worktree_mncifar/work_dirs/classification/cifar_dtem_spatial_20260814/evaluation/checkpoint_parity/mn_l2_r8_r256_seed42.json,200f82f1c5774af93d92ee2ff2736722ddabccf772a28c27e82120030b006b78,9387828f5a90e2a2dfb2f68a0ffaaf812be81ca4fd4140d59373f7a57d0093fd,3c43e6a13aaa0a0037c012ccbddc84beb27d24957eb696cd736251ccb1d826f6,2026-08-16T09:35:45+00:00,2026-08-16T19:37:53+00:00,True
mn_l2,320,flat_w8_historical,42,200,epoch199_ema_top1,70.81,32,8,50,True,/liziqing/yukai/otm_worktree_mncifar/work_dirs/classification/cifar_resize_delivery_validation_20260810/runs/mn_l2/r320/seed42/summary.csv,f624a93036112971a1010e3aad459015ee807c37b86fa22d9312e72500d3842d,371f4e2e225e83399da315e88cf825a10cf4bb04bd02d0cee9aec2203ead6ab7,/liziqing/yukai/otm_worktree_mncifar/work_dirs/classification/cifar_resize_delivery_validation_20260810/runs/mn_l2/r320/seed42/manifest.json,f8a1e2b0f6cce339b68aa7b74e9f2d943dcaee5676286665af2b7001f0158979,/liziqing/yukai/otm_worktree_mncifar/work_dirs/classification/cifar_resize_delivery_validation_20260810/runs/mn_l2/r320/seed42/completion.json,3c8b0e6966622f289056e23559d7a50bb556f21ed23a67d3220046d90c47ed7d,/liziqing/yukai/otm_worktree_mncifar/work_dirs/classification/cifar_resize_delivery_validation_20260810/runs/mn_l2/r320/seed42/last.pth.tar,94d85470cf3b766c1a2c5140a129f82e4642c69cc7c7e3132fb7c372fe82f273,False,,,2a0c7ff66c32eb167aef459fdc04d3d188deb0d2c6f1d0428dcf1b3cceedc94d,8124e12a905b10e37a95d06e877aea7d5219be6f1026074c4ea1d196eed91ce3,2026-08-10T15:14:14+00:00,2026-08-12T01:56:19+00:00,True
mn_l2,320,global,42,200,epoch199_ema_top1,69.85,32,8,50,False,/liziqing/yukai/otm_worktree_mncifar/work_dirs/classification/cifar_dtem_spatial_20260814/runs/mn_l2/global/r320/seed42/summary.csv,20ab8b8912cecb66b6fd451a3712483946f28455b71b5ee28085e7a04a046c1e,c18c15e4d7b7455095876786f53f271d1a1a8d4392ff6fafd5e4b5924cf574c8,/liziqing/yukai/otm_worktree_mncifar/work_dirs/classification/cifar_dtem_spatial_20260814/runs/mn_l2/global/r320/seed42/manifest.json,16432aaae775197297826ab43b6ece4ca5a04d29403b56e35ed106fe01b05f7e,/liziqing/yukai/otm_worktree_mncifar/work_dirs/classification/cifar_dtem_spatial_20260814/runs/mn_l2/global/r320/seed42/completion.json,f120f88c653bcd26f3a1677db3fb9599186cdb88afa0df49f0348c1327b6026d,/liziqing/yukai/otm_worktree_mncifar/work_dirs/classification/cifar_dtem_spatial_20260814/runs/mn_l2/global/r320/seed42/last.pth.tar,84e13c9cac5cebf40671c4dec6a2d6fde64509d6e768e8f86782455e188b9f27,False,/liziqing/yukai/otm_worktree_mncifar/work_dirs/classification/cifar_dtem_spatial_20260814/evaluation/checkpoint_parity/mn_l2_global_r320_seed42.json,eaa19c99506529448f834adfef90d2b3378fcaef7d158021460591ce30a83819,9387828f5a90e2a2dfb2f68a0ffaaf812be81ca4fd4140d59373f7a57d0093fd,3c43e6a13aaa0a0037c012ccbddc84beb27d24957eb696cd736251ccb1d826f6,2026-08-14T16:25:51+00:00,2026-08-15T08:51:52+00:00,True
mn_l2,320,spatial_r1,42,200,epoch199_ema_top1,71.45,32,8,50,False,/liziqing/yukai/otm_worktree_mncifar/work_dirs/classification/cifar_dtem_spatial_20260814/runs/mn_l2/spatial_r1/r320/seed42/summary.csv,72a600fb7de4bd14a3fa73064a8a5f2a3ff84bdc7f2e21671fcd3380789850e3,80b1bc28970df4e53e571e22beb52505e39e47799910967c8ecf88fbcdd5f383,/liziqing/yukai/otm_worktree_mncifar/work_dirs/classification/cifar_dtem_spatial_20260814/runs/mn_l2/spatial_r1/r320/seed42/manifest.json,54161618474bfa9b4018cabc49544543d72f034c34e046d27f02c5b0ded73e80,/liziqing/yukai/otm_worktree_mncifar/work_dirs/classification/cifar_dtem_spatial_20260814/runs/mn_l2/spatial_r1/r320/seed42/completion.json,67a6242725fea89ba1bc4ea86b489fe62e8ce5eb8859a886de2c188fbd72dd64,/liziqing/yukai/otm_worktree_mncifar/work_dirs/classification/cifar_dtem_spatial_20260814/runs/mn_l2/spatial_r1/r320/seed42/last.pth.tar,d2f6110752772fd894836a00b3b55f2d03965312c1b28dba6bc6c450c8642602,False,/liziqing/yukai/otm_worktree_mncifar/work_dirs/classification/cifar_dtem_spatial_20260814/evaluation/checkpoint_parity/mn_l2_r1_r320_seed42.json,1563a286b219c8c8ca4720abcc23249d0609a0d6040e4c55d4450501fb2a9f4e,9387828f5a90e2a2dfb2f68a0ffaaf812be81ca4fd4140d59373f7a57d0093fd,3c43e6a13aaa0a0037c012ccbddc84beb27d24957eb696cd736251ccb1d826f6,2026-08-14T16:25:51+00:00,2026-08-15T09:45:40+00:00,True
mn_l2,320,spatial_r2,42,200,epoch199_ema_top1,71.39,32,8,50,False,/liziqing/yukai/otm_worktree_mncifar/work_dirs/classification/cifar_dtem_spatial_20260814/runs/mn_l2/spatial_r2/r320/seed42/summary.csv,69a9e4da125fd226a2fc2dfb8354d6fffea7a688cc99918f6f62a6d6e84f99b0,282a6fef21913bf9562608df77d623e7a05296ae6b0d00885039fffbd6e4bc84,/liziqing/yukai/otm_worktree_mncifar/work_dirs/classification/cifar_dtem_spatial_20260814/runs/mn_l2/spatial_r2/r320/seed42/manifest.json,d4147a11f5af3bde89925cd8257838127a91abcc244b9e861452f738e9d6b1c3,/liziqing/yukai/otm_worktree_mncifar/work_dirs/classification/cifar_dtem_spatial_20260814/runs/mn_l2/spatial_r2/r320/seed42/completion.json,83f6bac653a2f6599006dc5019f6ea2382a32612076bcde43f9c0e5ffc30377c,/liziqing/yukai/otm_worktree_mncifar/work_dirs/classification/cifar_dtem_spatial_20260814/runs/mn_l2/spatial_r2/r320/seed42/last.pth.tar,51ab0b9d53655f579a35ee925339497a5faaa0cc10dc31e835f0ec8886c5965a,False,/liziqing/yukai/otm_worktree_mncifar/work_dirs/classification/cifar_dtem_spatial_20260814/evaluation/checkpoint_parity/mn_l2_r2_r320_seed42.json,596be2c4f1e9ca8fa4204cf9e42062162d4897426cb7d838d9bcff6e22ba8e74,9387828f5a90e2a2dfb2f68a0ffaaf812be81ca4fd4140d59373f7a57d0093fd,3c43e6a13aaa0a0037c012ccbddc84beb27d24957eb696cd736251ccb1d826f6,2026-08-14T16:27:14+00:00,2026-08-15T11:04:32+00:00,True
mn_l2,320,spatial_r3,42,200,epoch199_ema_top1,71.42,32,8,50,False,/liziqing/yukai/otm_worktree_mncifar/work_dirs/classification/cifar_dtem_spatial_20260814/runs/mn_l2/spatial_r3/r320/seed42/summary.csv,836368fd7bb672708b509c82388fb0a7f43946d79c504326288e99467fa039a0,0dad290adb93a6c14301a82c60e9914c321afb99d2f2e9a982ce8dfc4fde6abd,/liziqing/yukai/otm_worktree_mncifar/work_dirs/classification/cifar_dtem_spatial_20260814/runs/mn_l2/spatial_r3/r320/seed42/manifest.json,22b6154c325b0ea4da953658438efed30749ca69a9b4bc1a08ab7ac32075c500,/liziqing/yukai/otm_worktree_mncifar/work_dirs/classification/cifar_dtem_spatial_20260814/runs/mn_l2/spatial_r3/r320/seed42/completion.json,8392db044ee1e078060b5a31d757553e6f00163d881afbd8fd0c264acfaa978d,/liziqing/yukai/otm_worktree_mncifar/work_dirs/classification/cifar_dtem_spatial_20260814/runs/mn_l2/spatial_r3/r320/seed42/last.pth.tar,d08b0134166f88708bcc7227c79649fe09407ed38ed946d26829ab55990b1009,False,/liziqing/yukai/otm_worktree_mncifar/work_dirs/classification/cifar_dtem_spatial_20260814/evaluation/checkpoint_parity/mn_l2_r3_r320_seed42.json,ac792da6e2afc1aa579c0c72c581e4eab34ba4b1464dda043327d47265633f1a,9387828f5a90e2a2dfb2f68a0ffaaf812be81ca4fd4140d59373f7a57d0093fd,3c43e6a13aaa0a0037c012ccbddc84beb27d24957eb696cd736251ccb1d826f6,2026-08-14T16:29:41+00:00,2026-08-15T11:08:53+00:00,True
mn_l2,320,spatial_r4,42,200,epoch199_ema_top1,71.86,32,8,50,False,/liziqing/yukai/otm_worktree_mncifar/work_dirs/classification/cifar_dtem_spatial_20260814/runs/mn_l2/spatial_r4/r320/seed42/summary.csv,bb0d9622b8f71131a105c4b845053c8384facd08e383da4d20f4433e9e0fed9d,ad5af41e5212b7239e61d858065be384535a499242c3e9cd240f3b0383d3482c,/liziqing/yukai/otm_worktree_mncifar/work_dirs/classification/cifar_dtem_spatial_20260814/runs/mn_l2/spatial_r4/r320/seed42/manifest.json,afc4e7b7b74f5cd403641bf6c0282ad5cc26487afea48c567561d7d3114dcba8,/liziqing/yukai/otm_worktree_mncifar/work_dirs/classification/cifar_dtem_spatial_20260814/runs/mn_l2/spatial_r4/r320/seed42/completion.json,5d7af79e4d73d932d0175149380febc9a22a2aa2a5b382dbb476285ead39ee29,/liziqing/yukai/otm_worktree_mncifar/work_dirs/classification/cifar_dtem_spatial_20260814/runs/mn_l2/spatial_r4/r320/seed42/last.pth.tar,76b1e0ffdc82a72fd553ddd71fed9b7135c882c876306cac6eae34c2f47bcdf9,False,/liziqing/yukai/otm_worktree_mncifar/work_dirs/classification/cifar_dtem_spatial_20260814/evaluation/checkpoint_parity/mn_l2_r4_r320_seed42.json,1e1ffd5c44e82bd230a49a79e5512be1bf00142a6604fa0c53878dee8a503272,9387828f5a90e2a2dfb2f68a0ffaaf812be81ca4fd4140d59373f7a57d0093fd,3c43e6a13aaa0a0037c012ccbddc84beb27d24957eb696cd736251ccb1d826f6,2026-08-14T16:30:52+00:00,2026-08-15T11:38:44+00:00,True
mn_l2,320,spatial_r8,42,200,epoch199_ema_top1,70.32,32,8,50,False,/liziqing/yukai/otm_worktree_mncifar/work_dirs/classification/cifar_dtem_spatial_20260814/runs/mn_l2/spatial_r8/r320/seed42/summary.csv,39b5555d9c455d8d2b0c56dc4b7603e3596746447e672ab1ba3e280dab9a2c9a,22fe7bf0a4997eb92c2949c54bf4c321ee2885c51e910cb3974a44760b4d168d,/liziqing/yukai/otm_worktree_mncifar/work_dirs/classification/cifar_dtem_spatial_20260814/runs/mn_l2/spatial_r8/r320/seed42/manifest.json,702fce25d981e0fc1210abb7efa50752f3d9c5ff289179699b3b837b4fbf894d,/liziqing/yukai/otm_worktree_mncifar/work_dirs/classification/cifar_dtem_spatial_20260814/runs/mn_l2/spatial_r8/r320/seed42/completion.json,6d02616f2530ece7f261d0deba3cfa863e4cd08742cebff3ddfbb34f67486393,/liziqing/yukai/otm_worktree_mncifar/work_dirs/classification/cifar_dtem_spatial_20260814/runs/mn_l2/spatial_r8/r320/seed42/last.pth.tar,4769ae24584039cb3c07b92a2fbb507815c4897f941c47f9e5c37cd0130b9b00,False,/liziqing/yukai/otm_worktree_mncifar/work_dirs/classification/cifar_dtem_spatial_20260814/evaluation/checkpoint_parity/mn_l2_r8_r320_seed42.json,3d336cfe5376344b6446ef64f0088fa854f4aff3c1ac87fe4359c5d9553ecd16,9387828f5a90e2a2dfb2f68a0ffaaf812be81ca4fd4140d59373f7a57d0093fd,3c43e6a13aaa0a0037c012ccbddc84beb27d24957eb696cd736251ccb1d826f6,2026-08-15T08:52:48+00:00,2026-08-16T02:04:53+00:00,True
mn_l4,160,flat_w8_historical,42,200,epoch199_ema_top1,66.69,32,8,200,False,/liziqing/yukai/otm_worktree_mncifar/work_dirs/classification/cifar_resize_delivery_validation_20260810/runs/mn_l4/r160/seed42/summary.csv,db9c32022715d6d2cd2e9ef741c2de366a9170765f0912beb259a3557eb01787,114999073b7441529e7d293422dd2840677aa44e6e4488ce2d7302fd9eef85fb,/liziqing/yukai/otm_worktree_mncifar/work_dirs/classification/cifar_resize_delivery_validation_20260810/runs/mn_l4/r160/seed42/manifest.json,28fe6b0b7a92ad5df1720677937606d3e4f47fa9dcf107a44ffc5af1d4c6819d,/liziqing/yukai/otm_worktree_mncifar/work_dirs/classification/cifar_resize_delivery_validation_20260810/runs/mn_l4/r160/seed42/completion.json,5c6be545c63071a39f0dbe7e14eb1a096e25dd1645bb2aa6b22018f50e808041,/liziqing/yukai/otm_worktree_mncifar/work_dirs/classification/cifar_resize_delivery_validation_20260810/runs/mn_l4/r160/seed42/last.pth.tar,c31fec694127b4cdfe6ad4c8693fda47eb50c8bc7377db9acc700497d101f91e,False,,,2a0c7ff66c32eb167aef459fdc04d3d188deb0d2c6f1d0428dcf1b3cceedc94d,8124e12a905b10e37a95d06e877aea7d5219be6f1026074c4ea1d196eed91ce3,2026-08-13T21:31:38+00:00,2026-08-14T00:38:33+00:00,True
mn_l4,160,global,42,200,epoch199_ema_top1,65.29,32,8,200,False,/liziqing/yukai/otm_worktree_mncifar/work_dirs/classification/cifar_dtem_spatial_20260814/runs/mn_l4/global/r160/seed42/summary.csv,f0eff37a6be9d48bf1ae1205b691eb434919e12e5523f84894c8a0131374ad90,9d32b4044f39d2ef27a140d19e75084f039858f276982558b9fb62efd37ab8fd,/liziqing/yukai/otm_worktree_mncifar/work_dirs/classification/cifar_dtem_spatial_20260814/runs/mn_l4/global/r160/seed42/manifest.json,5255a4b2683d24caf9ddbf0013d72a6b1142c08035461fabc6b9357d9e415c45,/liziqing/yukai/otm_worktree_mncifar/work_dirs/classification/cifar_dtem_spatial_20260814/runs/mn_l4/global/r160/seed42/completion.json,f6d75e807532d2433001a82e76bbbfbec713192ecd3a6075b29e2153ab70a27d,/liziqing/yukai/otm_worktree_mncifar/work_dirs/classification/cifar_dtem_spatial_20260814/runs/mn_l4/global/r160/seed42/last.pth.tar,3a09285c331ec4cfe019c7b6868d4cea363edcf39a066efc17e4625eaa73f50a,False,/liziqing/yukai/otm_worktree_mncifar/work_dirs/classification/cifar_dtem_spatial_20260814/evaluation/checkpoint_parity/mn_l4_global_r160_seed42.json,09e26ed0a8438abaabadd38ba9fece89f046cd97cacac34ce8923c6b95290302,9387828f5a90e2a2dfb2f68a0ffaaf812be81ca4fd4140d59373f7a57d0093fd,3c43e6a13aaa0a0037c012ccbddc84beb27d24957eb696cd736251ccb1d826f6,2026-08-18T08:56:38+00:00,2026-08-18T13:20:48+00:00,True
mn_l4,160,spatial_r1,42,200,epoch199_ema_top1,66.13,32,8,200,False,/liziqing/yukai/otm_worktree_mncifar/work_dirs/classification/cifar_dtem_spatial_20260814/runs/mn_l4/spatial_r1/r160/seed42/summary.csv,f3160f552392d324e12c0f6253329da21ae268bffe51be4978be4a4895f89b69,8c8dcdd923f20d92b92a208f995708308b81b7cfa00ed8f1b1fffdefbf65f214,/liziqing/yukai/otm_worktree_mncifar/work_dirs/classification/cifar_dtem_spatial_20260814/runs/mn_l4/spatial_r1/r160/seed42/manifest.json,b501e22864205fab506138b0711e03a334909efe457fc54dad4a2346cdfebd1d,/liziqing/yukai/otm_worktree_mncifar/work_dirs/classification/cifar_dtem_spatial_20260814/runs/mn_l4/spatial_r1/r160/seed42/completion.json,2257759ec3068c6454a17d390862342f9e68714fe7864afdb989902373ca39cc,/liziqing/yukai/otm_worktree_mncifar/work_dirs/classification/cifar_dtem_spatial_20260814/runs/mn_l4/spatial_r1/r160/seed42/last.pth.tar,c8ad8e4a4cb129917dcae4152ca75112302e96dbd3baa4b1915b09dd6e021c13,False,/liziqing/yukai/otm_worktree_mncifar/work_dirs/classification/cifar_dtem_spatial_20260814/evaluation/checkpoint_parity/mn_l4_r1_r160_seed42.json,e1ad8ef8ae2b36c27eced8ee24154c0f510c925f94bab90b79ec48d94a746543,9387828f5a90e2a2dfb2f68a0ffaaf812be81ca4fd4140d59373f7a57d0093fd,3c43e6a13aaa0a0037c012ccbddc84beb27d24957eb696cd736251ccb1d826f6,2026-08-18T08:57:28+00:00,2026-08-18T13:25:43+00:00,True
mn_l4,160,spatial_r2,42,200,epoch199_ema_top1,68.49,32,8,200,False,/liziqing/yukai/otm_worktree_mncifar/work_dirs/classification/cifar_dtem_spatial_20260814/runs/mn_l4/spatial_r2/r160/seed42/summary.csv,ac46388827911b8ed24b54b1ea50189c294b899837e47921ccc4e3ff250ced31,7e3e9a91a7e170a9b0a6c01a4c63c5666011186a964f37885f7ba10a2c426b1f,/liziqing/yukai/otm_worktree_mncifar/work_dirs/classification/cifar_dtem_spatial_20260814/runs/mn_l4/spatial_r2/r160/seed42/manifest.json,560c61e9e4cc6264b4e08fdb616099f6d90f9b27cf500a25115548c6abdb5012,/liziqing/yukai/otm_worktree_mncifar/work_dirs/classification/cifar_dtem_spatial_20260814/runs/mn_l4/spatial_r2/r160/seed42/completion.json,7e66899ad2420ae10bad51ea8803ad563f45c95aa305fb721b8e2bbdc678ea94,/liziqing/yukai/otm_worktree_mncifar/work_dirs/classification/cifar_dtem_spatial_20260814/runs/mn_l4/spatial_r2/r160/seed42/last.pth.tar,88ea93a0df10a7684dbb93e31d1a6427313fcb93d76f421d6c1706610323ee42,False,/liziqing/yukai/otm_worktree_mncifar/work_dirs/classification/cifar_dtem_spatial_20260814/evaluation/checkpoint_parity/mn_l4_r2_r160_seed42.json,89d92c1530cb4ebb34f21c7078266441142e90b0fdbbc77d0674720b6fb736e5,9387828f5a90e2a2dfb2f68a0ffaaf812be81ca4fd4140d59373f7a57d0093fd,3c43e6a13aaa0a0037c012ccbddc84beb27d24957eb696cd736251ccb1d826f6,2026-08-18T13:26:51+00:00,2026-08-18T18:04:30+00:00,True
mn_l4,160,spatial_r3,42,200,epoch199_ema_top1,67.92,32,8,200,False,/liziqing/yukai/otm_worktree_mncifar/work_dirs/classification/cifar_dtem_spatial_20260814/runs/mn_l4/spatial_r3/r160/seed42/summary.csv,682cdb9729a8058c743d326cf44e248ddfe13ee5aa1b2552aa7f7355811ffca5,511bc4bfac0bf5b0d69a560fad0ae19d17103475b2907ce85a0166dba27812d8,/liziqing/yukai/otm_worktree_mncifar/work_dirs/classification/cifar_dtem_spatial_20260814/runs/mn_l4/spatial_r3/r160/seed42/manifest.json,cff8c9b9958f11ba787874bea517243a31a5d9a7729a7b1ca82482a915f86bce,/liziqing/yukai/otm_worktree_mncifar/work_dirs/classification/cifar_dtem_spatial_20260814/runs/mn_l4/spatial_r3/r160/seed42/completion.json,606f961807f266f3e9d20d0abd01495144de6418d32419d183920f1e56e04da5,/liziqing/yukai/otm_worktree_mncifar/work_dirs/classification/cifar_dtem_spatial_20260814/runs/mn_l4/spatial_r3/r160/seed42/last.pth.tar,1844fa8739839f8b423244905cebe4a16255588038d71a99e412d5344d536809,False,/liziqing/yukai/otm_worktree_mncifar/work_dirs/classification/cifar_dtem_spatial_20260814/evaluation/checkpoint_parity/mn_l4_r3_r160_seed42.json,5c0c75c911e139d934865838568f639ab1fca5f676637c6388affad658b7c8bf,9387828f5a90e2a2dfb2f68a0ffaaf812be81ca4fd4140d59373f7a57d0093fd,3c43e6a13aaa0a0037c012ccbddc84beb27d24957eb696cd736251ccb1d826f6,2026-08-18T13:27:23+00:00,2026-08-18T17:55:51+00:00,True
mn_l4,160,spatial_r4,42,200,epoch199_ema_top1,68.37,32,8,200,False,/liziqing/yukai/otm_worktree_mncifar/work_dirs/classification/cifar_dtem_spatial_20260814/runs/mn_l4/spatial_r4/r160/seed42/summary.csv,8dc23ff3ec0091fe25e811100678334f28a3649fd7df70d8dc1a2c8ab8090510,8b414211b249f286e702b0c6b8e15cae578944d15cc72471839a5a202650c537,/liziqing/yukai/otm_worktree_mncifar/work_dirs/classification/cifar_dtem_spatial_20260814/runs/mn_l4/spatial_r4/r160/seed42/manifest.json,11bf1e8fbd547387687b9e79e47162782753b2f560ee20628bfa3aacc47d1bf0,/liziqing/yukai/otm_worktree_mncifar/work_dirs/classification/cifar_dtem_spatial_20260814/runs/mn_l4/spatial_r4/r160/seed42/completion.json,80cecd401034e4360e9d2ebc8917b3222e898ba243d3b5bc316d4db7682004d8,/liziqing/yukai/otm_worktree_mncifar/work_dirs/classification/cifar_dtem_spatial_20260814/runs/mn_l4/spatial_r4/r160/seed42/last.pth.tar,071172e2683f20a189beea4c949f152d31822284f6d1500e6c4adc2bcf7d8711,False,/liziqing/yukai/otm_worktree_mncifar/work_dirs/classification/cifar_dtem_spatial_20260814/evaluation/checkpoint_parity/mn_l4_r4_r160_seed42.json,2514005664c11367bc4c644c8cf6409aecc26297bc1a0cc2f697ab42fd3dc953,9387828f5a90e2a2dfb2f68a0ffaaf812be81ca4fd4140d59373f7a57d0093fd,3c43e6a13aaa0a0037c012ccbddc84beb27d24957eb696cd736251ccb1d826f6,2026-08-18T13:43:49+00:00,2026-08-18T18:30:14+00:00,True
mn_l4,160,spatial_r8,42,200,epoch199_ema_top1,66.71,32,8,200,False,/liziqing/yukai/otm_worktree_mncifar/work_dirs/classification/cifar_dtem_spatial_20260814/runs/mn_l4/spatial_r8/r160/seed42/summary.csv,9a3646e4c8d0e550b91a488cfb2e15628d34787934bbd1b10a115d22bacd75a5,c353144d4968c560c4fe7a0ede49f647a253a1fb91d2b401085b2c8e61db1a55,/liziqing/yukai/otm_worktree_mncifar/work_dirs/classification/cifar_dtem_spatial_20260814/runs/mn_l4/spatial_r8/r160/seed42/manifest.json,5ab5a0d5a3ab88d53459de526c661793789c8bdf18dd10988a8f44781016e2d2,/liziqing/yukai/otm_worktree_mncifar/work_dirs/classification/cifar_dtem_spatial_20260814/runs/mn_l4/spatial_r8/r160/seed42/completion.json,96430b17dc4665d8cb6bd5a015f2e58dff26b37a8c074b50789fddfbc5495150,/liziqing/yukai/otm_worktree_mncifar/work_dirs/classification/cifar_dtem_spatial_20260814/runs/mn_l4/spatial_r8/r160/seed42/last.pth.tar,d7d0dfaab616bcc63062c0de53d0b09f221598b6ea03618cda0bb2c39646c22d,False,/liziqing/yukai/otm_worktree_mncifar/work_dirs/classification/cifar_dtem_spatial_20260814/evaluation/checkpoint_parity/mn_l4_r8_r160_seed42.json,9464df3508d26d6ed6aa459e101c1a50be936d3e3f145f30635682382b114712,9387828f5a90e2a2dfb2f68a0ffaaf812be81ca4fd4140d59373f7a57d0093fd,3c43e6a13aaa0a0037c012ccbddc84beb27d24957eb696cd736251ccb1d826f6,2026-08-18T14:17:00+00:00,2026-08-18T18:55:30+00:00,True
mn_l4,192,flat_w8_historical,42,200,epoch199_ema_top1,69.75,32,8,200,False,/liziqing/yukai/otm_worktree_mncifar/work_dirs/classification/cifar_resize_delivery_validation_20260810/runs/mn_l4/r192/seed42/summary.csv,b79a7633e57af3b23e53aa6cb87e498bae6c81a06cc37ceee7298e9942c8845c,b6b790bfc8e5b85e043f4234d5a01956158e8c6d99b6b8c2b481b67996539f5b,/liziqing/yukai/otm_worktree_mncifar/work_dirs/classification/cifar_resize_delivery_validation_20260810/runs/mn_l4/r192/seed42/manifest.json,ea0bdc6a4a8f6f79defb6324fcc22a0e6970f970b84b73aea9a5918d90ed3259,/liziqing/yukai/otm_worktree_mncifar/work_dirs/classification/cifar_resize_delivery_validation_20260810/runs/mn_l4/r192/seed42/completion.json,0650b973654800442bdfe95c1b3a41ad7280363e4da2cd9c6391b7b188b8f66b,/liziqing/yukai/otm_worktree_mncifar/work_dirs/classification/cifar_resize_delivery_validation_20260810/runs/mn_l4/r192/seed42/last.pth.tar,a5941c8d5c0c6ff0d8b8be02394d9d4758ab308550c455a72b048caed3b4bf9c,False,,,2a0c7ff66c32eb167aef459fdc04d3d188deb0d2c6f1d0428dcf1b3cceedc94d,8124e12a905b10e37a95d06e877aea7d5219be6f1026074c4ea1d196eed91ce3,2026-08-13T18:55:25+00:00,2026-08-13T23:30:33+00:00,True
mn_l4,192,global,42,200,epoch199_ema_top1,69.87,32,8,200,False,/liziqing/yukai/otm_worktree_mncifar/work_dirs/classification/cifar_dtem_spatial_20260814/runs/mn_l4/global/r192/seed42/summary.csv,17022d4fea5a573138ece470dc36c6d9a8db7beccb7aca75880f65d0cea67125,969f6e8e365cbdd26518c8a260f4770fd5478fe10057105c919119a1af4e4767,/liziqing/yukai/otm_worktree_mncifar/work_dirs/classification/cifar_dtem_spatial_20260814/runs/mn_l4/global/r192/seed42/manifest.json,cbf924ad4ce071715900afc692f68ab98ef3a094968f9c0005b7626595684dea,/liziqing/yukai/otm_worktree_mncifar/work_dirs/classification/cifar_dtem_spatial_20260814/runs/mn_l4/global/r192/seed42/completion.json,808f2d5b9b816da06e77949457a257acb7608b29e7c0e83802342f2226cf8794,/liziqing/yukai/otm_worktree_mncifar/work_dirs/classification/cifar_dtem_spatial_20260814/runs/mn_l4/global/r192/seed42/last.pth.tar,157237506d4c5ae15301328293fd5269da00ba079f6e90f49cc4e76158d66316,False,/liziqing/yukai/otm_worktree_mncifar/work_dirs/classification/cifar_dtem_spatial_20260814/evaluation/checkpoint_parity/mn_l4_global_r192_seed42.json,cc782de254e87110ec351534d168f38f18bd7084bebe101815c116269ac396c3,9387828f5a90e2a2dfb2f68a0ffaaf812be81ca4fd4140d59373f7a57d0093fd,3c43e6a13aaa0a0037c012ccbddc84beb27d24957eb696cd736251ccb1d826f6,2026-08-17T14:21:10+00:00,2026-08-17T20:12:28+00:00,True
mn_l4,192,spatial_r1,42,200,epoch199_ema_top1,69.88,32,8,200,False,/liziqing/yukai/otm_worktree_mncifar/work_dirs/classification/cifar_dtem_spatial_20260814/runs/mn_l4/spatial_r1/r192/seed42/summary.csv,e56cfb1e197deaccb69a0a8d97d29c7b22926dfb35c630fc0a430ddd62c6801d,64012d8e633b45af1c5a63014cda7728789d3894577efb759f0c94ef339d67f1,/liziqing/yukai/otm_worktree_mncifar/work_dirs/classification/cifar_dtem_spatial_20260814/runs/mn_l4/spatial_r1/r192/seed42/manifest.json,08d234c5e8f048a3c36fa5d0875405e11586829844dd7b01af01c61646ee59dc,/liziqing/yukai/otm_worktree_mncifar/work_dirs/classification/cifar_dtem_spatial_20260814/runs/mn_l4/spatial_r1/r192/seed42/completion.json,bf2c5d15268cf9fac6ee60f27bda19e77378cf71caf55f27b24ac980380b0f74,/liziqing/yukai/otm_worktree_mncifar/work_dirs/classification/cifar_dtem_spatial_20260814/runs/mn_l4/spatial_r1/r192/seed42/last.pth.tar,890ad09f38900a45b4d90775a62efef996495a604e31ff8e9e214c50be6f35e4,False,/liziqing/yukai/otm_worktree_mncifar/work_dirs/classification/cifar_dtem_spatial_20260814/evaluation/checkpoint_parity/mn_l4_r1_r192_seed42.json,902245bae38a9a2de16b261a294593e88ca8dfd50fc9ce74252bbb92caf18b1e,9387828f5a90e2a2dfb2f68a0ffaaf812be81ca4fd4140d59373f7a57d0093fd,3c43e6a13aaa0a0037c012ccbddc84beb27d24957eb696cd736251ccb1d826f6,2026-08-17T19:27:07+00:00,2026-08-18T01:16:29+00:00,True
mn_l4,192,spatial_r2,42,200,epoch199_ema_top1,71.15,32,8,200,False,/liziqing/yukai/otm_worktree_mncifar/work_dirs/classification/cifar_dtem_spatial_20260814/runs/mn_l4/spatial_r2/r192/seed42/summary.csv,5d01bf5e3f46e4b92bd699901600b56ad4cfc6856466435cbe97b31a9b1f26da,bdf16a5712157605d5a430c802063998627032890b0206dda2c71a6c4587f0d0,/liziqing/yukai/otm_worktree_mncifar/work_dirs/classification/cifar_dtem_spatial_20260814/runs/mn_l4/spatial_r2/r192/seed42/manifest.json,7da7521fdcd55831b02443769eb226a648763758ee95b397fbf4904595f2c3f3,/liziqing/yukai/otm_worktree_mncifar/work_dirs/classification/cifar_dtem_spatial_20260814/runs/mn_l4/spatial_r2/r192/seed42/completion.json,350dcba61bd14644749ceb5a85c5ab3233492421725d3785911f829972074643,/liziqing/yukai/otm_worktree_mncifar/work_dirs/classification/cifar_dtem_spatial_20260814/runs/mn_l4/spatial_r2/r192/seed42/last.pth.tar,2f9dff70fbb3a796cbb0e4fccb1dcc394cbde744971eab7123a67196108f8476,False,/liziqing/yukai/otm_worktree_mncifar/work_dirs/classification/cifar_dtem_spatial_20260814/evaluation/checkpoint_parity/mn_l4_r2_r192_seed42.json,44a5504904d24cae48b5fd5f605e1452cb149fc2bcc7ae78a09ec9559907c4b1,9387828f5a90e2a2dfb2f68a0ffaaf812be81ca4fd4140d59373f7a57d0093fd,3c43e6a13aaa0a0037c012ccbddc84beb27d24957eb696cd736251ccb1d826f6,2026-08-17T20:14:18+00:00,2026-08-18T01:40:41+00:00,True
mn_l4,192,spatial_r3,42,200,epoch199_ema_top1,71.27,32,8,200,False,/liziqing/yukai/otm_worktree_mncifar/work_dirs/classification/cifar_dtem_spatial_20260814/runs/mn_l4/spatial_r3/r192/seed42/summary.csv,eb2f9d22358b85cffdd840bd5b4158547f1be2d4b9ca76f0b899deb3d8e765dc,7aab3cb1738b2388ec3ffeca2764880ecf1f72b18244f8b86829de4c7bc35727,/liziqing/yukai/otm_worktree_mncifar/work_dirs/classification/cifar_dtem_spatial_20260814/runs/mn_l4/spatial_r3/r192/seed42/manifest.json,bc1d8c1a1f0ad99469358cd83b2c6aefacd6bbe31a77f95ee833113dbc8423a5,/liziqing/yukai/otm_worktree_mncifar/work_dirs/classification/cifar_dtem_spatial_20260814/runs/mn_l4/spatial_r3/r192/seed42/completion.json,5944c4140851a19a8d4f38f9863530c99996b872499b285abfec3f448e9f008c,/liziqing/yukai/otm_worktree_mncifar/work_dirs/classification/cifar_dtem_spatial_20260814/runs/mn_l4/spatial_r3/r192/seed42/last.pth.tar,1ffd53de2c5b1f31cbb2283dbba10429f45867c04fa04971798d61e812e973cb,False,/liziqing/yukai/otm_worktree_mncifar/work_dirs/classification/cifar_dtem_spatial_20260814/evaluation/checkpoint_parity/mn_l4_r3_r192_seed42.json,f42082a65fa6e18bd040c2c6112df306ffe829c0b37a797dd8ea593ca847d027,9387828f5a90e2a2dfb2f68a0ffaaf812be81ca4fd4140d59373f7a57d0093fd,3c43e6a13aaa0a0037c012ccbddc84beb27d24957eb696cd736251ccb1d826f6,2026-08-17T21:44:27+00:00,2026-08-18T03:15:06+00:00,True
mn_l4,192,spatial_r4,42,200,epoch199_ema_top1,71.08,32,8,200,False,/liziqing/yukai/otm_worktree_mncifar/work_dirs/classification/cifar_dtem_spatial_20260814/runs/mn_l4/spatial_r4/r192/seed42/summary.csv,f2a0c0f4a6b20086e27c2cdec88eec78d279819f314d03a4c8c3230bcf0d0cb3,0899c6d565e921ab348745844b148af8e4252b4bfe19d5985426f9be998934c8,/liziqing/yukai/otm_worktree_mncifar/work_dirs/classification/cifar_dtem_spatial_20260814/runs/mn_l4/spatial_r4/r192/seed42/manifest.json,8eb5d4a54d92f7bbe0c94da4043a2d141143070603029b4affbe3e54fe8760f7,/liziqing/yukai/otm_worktree_mncifar/work_dirs/classification/cifar_dtem_spatial_20260814/runs/mn_l4/spatial_r4/r192/seed42/completion.json,4d1033c19e09d6b16bde6c9aa51923a9aa26b38cd9a05c6ca93dbbf1a7fbdc9b,/liziqing/yukai/otm_worktree_mncifar/work_dirs/classification/cifar_dtem_spatial_20260814/runs/mn_l4/spatial_r4/r192/seed42/last.pth.tar,645029428653ce5ee9b928eb78038d42312efbdbeef4ba56e4667bcd650a4f03,False,/liziqing/yukai/otm_worktree_mncifar/work_dirs/classification/cifar_dtem_spatial_20260814/evaluation/checkpoint_parity/mn_l4_r4_r192_seed42.json,30c1bce5830defb268eac10236c7facb6627240227df2b12b788731f970d5ed4,9387828f5a90e2a2dfb2f68a0ffaaf812be81ca4fd4140d59373f7a57d0093fd,3c43e6a13aaa0a0037c012ccbddc84beb27d24957eb696cd736251ccb1d826f6,2026-08-17T21:44:27+00:00,2026-08-18T03:15:14+00:00,True
mn_l4,192,spatial_r8,42,200,epoch199_ema_top1,68.81,32,8,200,False,/liziqing/yukai/otm_worktree_mncifar/work_dirs/classification/cifar_dtem_spatial_20260814/runs/mn_l4/spatial_r8/r192/seed42/summary.csv,df0bd9e8c299a49ddb467c2ea6cf77cd254bfc73ee3bfb2bf6d94efda47167ae,7001124872d61891f26f985f86dff0ce549264f3f8c4ab50cc80c851036f9e03,/liziqing/yukai/otm_worktree_mncifar/work_dirs/classification/cifar_dtem_spatial_20260814/runs/mn_l4/spatial_r8/r192/seed42/manifest.json,4674f27b5c0ea8be424a641f479bf0c962db5b41e527ff6a9ecb27e11bf7ecec,/liziqing/yukai/otm_worktree_mncifar/work_dirs/classification/cifar_dtem_spatial_20260814/runs/mn_l4/spatial_r8/r192/seed42/completion.json,1948818d508ba7c0b87e2dd891c7806b5736b77d82820a9305f807b289a3dfea,/liziqing/yukai/otm_worktree_mncifar/work_dirs/classification/cifar_dtem_spatial_20260814/runs/mn_l4/spatial_r8/r192/seed42/last.pth.tar,ae28e12dfc4104d4ed867dd38657f8c33b942a5305965b7cac627f33f69bcbd8,False,/liziqing/yukai/otm_worktree_mncifar/work_dirs/classification/cifar_dtem_spatial_20260814/evaluation/checkpoint_parity/mn_l4_r8_r192_seed42.json,c2f4dcd8d2d4cab1e5bb925c89a943cfb76e6a0a9ead28d68b4af1066cfd90ba,9387828f5a90e2a2dfb2f68a0ffaaf812be81ca4fd4140d59373f7a57d0093fd,3c43e6a13aaa0a0037c012ccbddc84beb27d24957eb696cd736251ccb1d826f6,2026-08-17T23:36:04+00:00,2026-08-18T05:32:09+00:00,True
mn_l4,224,flat_w8_historical,42,200,epoch199_ema_top1,69.87,32,8,200,False,/liziqing/yukai/otm_worktree_mncifar/work_dirs/classification/cifar_resize_delivery_validation_20260810/runs/mn_l4/r224/seed42/summary.csv,588b7d8c133fc7de24b667d9f47a8c8f12f7a74b3303670f4c74076124b30378,76bd0b5a197b7145b009f15d5310d92e17548d26db4cda1d75058d29c863090c,/liziqing/yukai/otm_worktree_mncifar/work_dirs/classification/cifar_resize_delivery_validation_20260810/runs/mn_l4/r224/seed42/manifest.json,395b60f8625f059881364d38ebee355d0b8d625e9f00fa1f3eb39cbc4a300cba,/liziqing/yukai/otm_worktree_mncifar/work_dirs/classification/cifar_resize_delivery_validation_20260810/runs/mn_l4/r224/seed42/completion.json,f33090e82fb696051a0c65d968e11467439615f33a3efecd23559e61c89726cc,/liziqing/yukai/otm_worktree_mncifar/work_dirs/classification/cifar_resize_delivery_validation_20260810/runs/mn_l4/r224/seed42/last.pth.tar,3cb6794871b3ba05358f542528ccfb70c205b8aa510d11a9be81a01a866c7497,False,,,2a0c7ff66c32eb167aef459fdc04d3d188deb0d2c6f1d0428dcf1b3cceedc94d,8124e12a905b10e37a95d06e877aea7d5219be6f1026074c4ea1d196eed91ce3,2026-08-13T15:42:14+00:00,2026-08-13T21:30:42+00:00,True
mn_l4,224,global,42,200,epoch199_ema_top1,68.21,32,8,200,False,/liziqing/yukai/otm_worktree_mncifar/work_dirs/classification/cifar_dtem_spatial_20260814/runs/mn_l4/global/r224/seed42/summary.csv,bf735e4436998015a5e018848f5727953833c389a45ac4ba1b3d656065b9ab93,2f043ded21a0dd89ebcbb54d5e4e1397ae093aadce8c289e81c6c0e77b654b09,/liziqing/yukai/otm_worktree_mncifar/work_dirs/classification/cifar_dtem_spatial_20260814/runs/mn_l4/global/r224/seed42/manifest.json,9349a8d3576af14ce373837448fdbbfe57998b66b5de0740143c690b29104c83,/liziqing/yukai/otm_worktree_mncifar/work_dirs/classification/cifar_dtem_spatial_20260814/runs/mn_l4/global/r224/seed42/completion.json,d9f6db5c6435ddbe2c05adab745dcefaecbee762d3058b453ec1afc8fa19e353,/liziqing/yukai/otm_worktree_mncifar/work_dirs/classification/cifar_dtem_spatial_20260814/runs/mn_l4/global/r224/seed42/last.pth.tar,efe86c69f7a034113ec72ba5ac286d170c6f8723354c55776a63e489b2abefc5,False,/liziqing/yukai/otm_worktree_mncifar/work_dirs/classification/cifar_dtem_spatial_20260814/evaluation/checkpoint_parity/mn_l4_global_r224_seed42.json,97a356de1e3eed4ba50105fece32d08b74783963a73d90d94408fc14e6b523e3,9387828f5a90e2a2dfb2f68a0ffaaf812be81ca4fd4140d59373f7a57d0093fd,3c43e6a13aaa0a0037c012ccbddc84beb27d24957eb696cd736251ccb1d826f6,2026-08-17T02:31:24+00:00,2026-08-17T07:31:00+00:00,True
mn_l4,224,spatial_r1,42,200,epoch199_ema_top1,67.78,32,8,200,False,/liziqing/yukai/otm_worktree_mncifar/work_dirs/classification/cifar_dtem_spatial_20260814/runs/mn_l4/spatial_r1/r224/seed42/summary.csv,08fd951dffdccf8281b02a95015da5134b3103d78349fd73cd13864f230cef04,20c7b23be8b5e371100fdabfa042eadeaeabb1ddabb1fce2a9459999a2cd4658,/liziqing/yukai/otm_worktree_mncifar/work_dirs/classification/cifar_dtem_spatial_20260814/runs/mn_l4/spatial_r1/r224/seed42/manifest.json,04df56786f7ebd8cb9c47ce49020e4b5703a74fc375b752191b4f47a2ae35ddc,/liziqing/yukai/otm_worktree_mncifar/work_dirs/classification/cifar_dtem_spatial_20260814/runs/mn_l4/spatial_r1/r224/seed42/completion.json,49d606c1910cd890e3338eab8d9661ae952ce2b21a9159ca371523ac156114b6,/liziqing/yukai/otm_worktree_mncifar/work_dirs/classification/cifar_dtem_spatial_20260814/runs/mn_l4/spatial_r1/r224/seed42/last.pth.tar,7a50b14dcf455831f087047c6162c8484ed9c710d6a54ab26df192c80217b99c,False,/liziqing/yukai/otm_worktree_mncifar/work_dirs/classification/cifar_dtem_spatial_20260814/evaluation/checkpoint_parity/mn_l4_r1_r224_seed42.json,75a258d667bc0b7282bd5d54c7bb5bf85f9078bda9bb2f85a0c287c3a25ead23,9387828f5a90e2a2dfb2f68a0ffaaf812be81ca4fd4140d59373f7a57d0093fd,3c43e6a13aaa0a0037c012ccbddc84beb27d24957eb696cd736251ccb1d826f6,2026-08-17T02:53:11+00:00,2026-08-17T08:01:20+00:00,True
mn_l4,224,spatial_r2,42,200,epoch199_ema_top1,70.58,32,8,200,False,/liziqing/yukai/otm_worktree_mncifar/work_dirs/classification/cifar_dtem_spatial_20260814/runs/mn_l4/spatial_r2/r224/seed42/summary.csv,ecef7ddc302904328370870c535747d63fb098f78ce8563b585edfecbebdb3c5,4bbd84a2ebd099e91183a16b71a70080033c8653785ef44bc088eccf02a4a3f5,/liziqing/yukai/otm_worktree_mncifar/work_dirs/classification/cifar_dtem_spatial_20260814/runs/mn_l4/spatial_r2/r224/seed42/manifest.json,3a26052eb12bfed710d1d4b857daa0df170147abd96b416a322958d35617e8d1,/liziqing/yukai/otm_worktree_mncifar/work_dirs/classification/cifar_dtem_spatial_20260814/runs/mn_l4/spatial_r2/r224/seed42/completion.json,d86e4b1e7286c14550ae338e908820ab451291e6c5971e585b703d89a0f38fff,/liziqing/yukai/otm_worktree_mncifar/work_dirs/classification/cifar_dtem_spatial_20260814/runs/mn_l4/spatial_r2/r224/seed42/last.pth.tar,5fe1dada44fba05b67a6452ff32f364175d35cf85c0144537c90e34caba9fcd9,False,/liziqing/yukai/otm_worktree_mncifar/work_dirs/classification/cifar_dtem_spatial_20260814/evaluation/checkpoint_parity/mn_l4_r2_r224_seed42.json,278b382e6f674a2109a0a8157a0b5cb06c6f8bb0fc676ca3898d453aa3978837,9387828f5a90e2a2dfb2f68a0ffaaf812be81ca4fd4140d59373f7a57d0093fd,3c43e6a13aaa0a0037c012ccbddc84beb27d24957eb696cd736251ccb1d826f6,2026-08-17T07:32:01+00:00,2026-08-17T12:41:17+00:00,True
mn_l4,224,spatial_r3,42,200,epoch199_ema_top1,70.52,32,8,200,False,/liziqing/yukai/otm_worktree_mncifar/work_dirs/classification/cifar_dtem_spatial_20260814/runs/mn_l4/spatial_r3/r224/seed42/summary.csv,cba18b911aed54c5dae4b1c7af0e70c17b771f0ab061f7c213796755f3b2041d,44df8f85bf642a29f5b527b80f6b6a1e41a052edcb3fea2519069d1b52656413,/liziqing/yukai/otm_worktree_mncifar/work_dirs/classification/cifar_dtem_spatial_20260814/runs/mn_l4/spatial_r3/r224/seed42/manifest.json,0a6c2f36aeb142364eb1b6751a8c97e65943745b6b878f2d9235f5f0611c355a,/liziqing/yukai/otm_worktree_mncifar/work_dirs/classification/cifar_dtem_spatial_20260814/runs/mn_l4/spatial_r3/r224/seed42/completion.json,be5786e43ba3976312b91f08834c901605b5a12c6fda8986b5c4b08e2e2b2856,/liziqing/yukai/otm_worktree_mncifar/work_dirs/classification/cifar_dtem_spatial_20260814/runs/mn_l4/spatial_r3/r224/seed42/last.pth.tar,99642ea89be3306a7d616a9d0edd67010153711e12884c308d00a60177dd2c8e,False,/liziqing/yukai/otm_worktree_mncifar/work_dirs/classification/cifar_dtem_spatial_20260814/evaluation/checkpoint_parity/mn_l4_r3_r224_seed42.json,a23a06e93e73c7fd2f72a6760eb8196fb17d37f01a4a0146ec4b41ab22e1c671,9387828f5a90e2a2dfb2f68a0ffaaf812be81ca4fd4140d59373f7a57d0093fd,3c43e6a13aaa0a0037c012ccbddc84beb27d24957eb696cd736251ccb1d826f6,2026-08-17T08:02:20+00:00,2026-08-17T13:11:43+00:00,True
mn_l4,224,spatial_r4,42,200,epoch199_ema_top1,70.48,32,8,200,False,/liziqing/yukai/otm_worktree_mncifar/work_dirs/classification/cifar_dtem_spatial_20260814/runs/mn_l4/spatial_r4/r224/seed42/summary.csv,733e4035de14209473f913f5d9687610bb9dcbf7ad5c02df9cc21f81dd2b68de,ad2a976d108530f3816c4ae2dff773620ae73a03654b53d46eb3b51f3ca0418e,/liziqing/yukai/otm_worktree_mncifar/work_dirs/classification/cifar_dtem_spatial_20260814/runs/mn_l4/spatial_r4/r224/seed42/manifest.json,cd4719d53ac2feeccbf9153593d7d983cba49cde23e95246fdb70cef2503afca,/liziqing/yukai/otm_worktree_mncifar/work_dirs/classification/cifar_dtem_spatial_20260814/runs/mn_l4/spatial_r4/r224/seed42/completion.json,79a7e6633bc2b82658d36b65dd7abe9df225c813f89cc7574a99bb82c91010e6,/liziqing/yukai/otm_worktree_mncifar/work_dirs/classification/cifar_dtem_spatial_20260814/runs/mn_l4/spatial_r4/r224/seed42/last.pth.tar,cbbf34359f501ec97d2e61372f20098fb4ccc09ec7724ac5fa8ffbfd9a407b13,False,/liziqing/yukai/otm_worktree_mncifar/work_dirs/classification/cifar_dtem_spatial_20260814/evaluation/checkpoint_parity/mn_l4_r4_r224_seed42.json,731cce1758853d0f4d4adeaddbfd35791333907f2cbce0be2b0f4db6c7a6bb53,9387828f5a90e2a2dfb2f68a0ffaaf812be81ca4fd4140d59373f7a57d0093fd,3c43e6a13aaa0a0037c012ccbddc84beb27d24957eb696cd736251ccb1d826f6,2026-08-17T08:09:25+00:00,2026-08-17T13:20:39+00:00,True
mn_l4,224,spatial_r8,42,200,epoch199_ema_top1,68.09,32,8,200,False,/liziqing/yukai/otm_worktree_mncifar/work_dirs/classification/cifar_dtem_spatial_20260814/runs/mn_l4/spatial_r8/r224/seed42/summary.csv,de20930d1e23c0cce76d5db79e8d2b0f75141acda0c4002e830833940faf51b5,b578d1f201a97ae33be9c8c7bdad3f412e37f24277556fe7433c3c9176d479cf,/liziqing/yukai/otm_worktree_mncifar/work_dirs/classification/cifar_dtem_spatial_20260814/runs/mn_l4/spatial_r8/r224/seed42/manifest.json,93a37bcb7b41600cfca3e3abd3fab50e82cbefe2a05489d39f11b9ecc01697a4,/liziqing/yukai/otm_worktree_mncifar/work_dirs/classification/cifar_dtem_spatial_20260814/runs/mn_l4/spatial_r8/r224/seed42/completion.json,dc078f38fb6a00fe485f5a430f9f822674dd324fd61cd3325901a9c4bc3f3734,/liziqing/yukai/otm_worktree_mncifar/work_dirs/classification/cifar_dtem_spatial_20260814/runs/mn_l4/spatial_r8/r224/seed42/last.pth.tar,3ff11f3e08dca498a9b0bf87c9a1a698ca07e5405feb269a438b7116b1d1e5b9,False,/liziqing/yukai/otm_worktree_mncifar/work_dirs/classification/cifar_dtem_spatial_20260814/evaluation/checkpoint_parity/mn_l4_r8_r224_seed42.json,e5e1ebe11372731201026d3df5882ccc9667021e3ebf9d34f0c0f31a4ab690c1,9387828f5a90e2a2dfb2f68a0ffaaf812be81ca4fd4140d59373f7a57d0093fd,3c43e6a13aaa0a0037c012ccbddc84beb27d24957eb696cd736251ccb1d826f6,2026-08-17T09:02:49+00:00,2026-08-17T14:20:07+00:00,True
mn_l4,256,flat_w8_historical,42,200,epoch199_ema_top1,68.3,32,8,100,False,/liziqing/yukai/otm_worktree_mncifar/work_dirs/classification/cifar_resize_delivery_validation_20260810/runs/mn_l4/r256/seed42/summary.csv,2bc754a9099feeff3db9d59832baf1cbc8f6d1c4558574e51aed708f56a17e6d,177df4a85364c0833d9d13e97e8e87abc616eb867922e8beab1315c0a1213589,/liziqing/yukai/otm_worktree_mncifar/work_dirs/classification/cifar_resize_delivery_validation_20260810/runs/mn_l4/r256/seed42/manifest.json,43c51d6df52e4bef3a96b7801aa21c5bd4481807981217370e4e560b8a292736,/liziqing/yukai/otm_worktree_mncifar/work_dirs/classification/cifar_resize_delivery_validation_20260810/runs/mn_l4/r256/seed42/completion.json,4320ad0ab62e225fc7617671b4a182a979c03a3d61af003728070aea45063d3b,/liziqing/yukai/otm_worktree_mncifar/work_dirs/classification/cifar_resize_delivery_validation_20260810/runs/mn_l4/r256/seed42/last.pth.tar,5c6dae5bef48b38d1675c2bb7514a92f9fcdf4b1878753caa0bcae7a0a5e6cdf,False,,,2a0c7ff66c32eb167aef459fdc04d3d188deb0d2c6f1d0428dcf1b3cceedc94d,8124e12a905b10e37a95d06e877aea7d5219be6f1026074c4ea1d196eed91ce3,2026-08-13T10:55:33+00:00,2026-08-13T18:54:26+00:00,True
mn_l4,256,global,42,200,epoch199_ema_top1,67.35,32,8,100,False,/liziqing/yukai/otm_worktree_mncifar/work_dirs/classification/cifar_dtem_spatial_20260814/runs/mn_l4/global/r256/seed42/summary.csv,f4e9cc8eca1ae66413ab62eb5f98641c37a7f4740baea94f75e61bbf4bfebe63,d0e3440d4843b164deae594555e66d74d70485703bb21d958d348a379b7143ae,/liziqing/yukai/otm_worktree_mncifar/work_dirs/classification/cifar_dtem_spatial_20260814/runs/mn_l4/global/r256/seed42/manifest.json,c57f7e8ba63220d09c9aff6e4752b6d7bc6c55b528b1fdf406154f26c9b3087b,/liziqing/yukai/otm_worktree_mncifar/work_dirs/classification/cifar_dtem_spatial_20260814/runs/mn_l4/global/r256/seed42/completion.json,baf5d3dee76c178f9d5b78466a87bbc51f0823f30df9e32660e8719215b00e64,/liziqing/yukai/otm_worktree_mncifar/work_dirs/classification/cifar_dtem_spatial_20260814/runs/mn_l4/global/r256/seed42/last.pth.tar,6679bfaae05ff97fd9612d348e4697ca591ee15eea8f11125e34767695d5058d,False,/liziqing/yukai/otm_worktree_mncifar/work_dirs/classification/cifar_dtem_spatial_20260814/evaluation/checkpoint_parity/mn_l4_global_r256_seed42.json,2a7afa4b0fbb495c706ea68cfe917d6a955c4337721fca1a3cb61c90ca8a34d1,9387828f5a90e2a2dfb2f68a0ffaaf812be81ca4fd4140d59373f7a57d0093fd,3c43e6a13aaa0a0037c012ccbddc84beb27d24957eb696cd736251ccb1d826f6,2026-08-16T10:58:00+00:00,2026-08-16T17:46:46+00:00,True
mn_l4,256,spatial_r1,42,200,epoch199_ema_top1,66.94,32,8,100,False,/liziqing/yukai/otm_worktree_mncifar/work_dirs/classification/cifar_dtem_spatial_20260814/runs/mn_l4/spatial_r1/r256/seed42/summary.csv,e1ca90a8c5f4bea8192acd53e609e5f34ae555b91b494fc34e547fe79c0dc99f,bf744fcd4af30225a0e4495f474f0b5c907c1e4c0b6e83cfa78cc6e9df169d7e,/liziqing/yukai/otm_worktree_mncifar/work_dirs/classification/cifar_dtem_spatial_20260814/runs/mn_l4/spatial_r1/r256/seed42/manifest.json,c4060686ef04a8df116a1c8dae7838c4d465c570d0dcc02186163f92265c9df6,/liziqing/yukai/otm_worktree_mncifar/work_dirs/classification/cifar_dtem_spatial_20260814/runs/mn_l4/spatial_r1/r256/seed42/completion.json,eefdce7513c2fe9e30ffe1fb87dd118ddf835c4bd4e2b20eabc3c667b5d5393e,/liziqing/yukai/otm_worktree_mncifar/work_dirs/classification/cifar_dtem_spatial_20260814/runs/mn_l4/spatial_r1/r256/seed42/last.pth.tar,9d2bc77871cc3c71be46d83234c17bd7c574d926e997361d87443da6fc9ceb6c,False,/liziqing/yukai/otm_worktree_mncifar/work_dirs/classification/cifar_dtem_spatial_20260814/evaluation/checkpoint_parity/mn_l4_r1_r256_seed42.json,7332c985349ea02e69c0e1ec83b2731afcbfd86f22a7ef3045292ae7804169b8,9387828f5a90e2a2dfb2f68a0ffaaf812be81ca4fd4140d59373f7a57d0093fd,3c43e6a13aaa0a0037c012ccbddc84beb27d24957eb696cd736251ccb1d826f6,2026-08-16T12:06:27+00:00,2026-08-16T19:12:59+00:00,True
mn_l4,256,spatial_r2,42,200,epoch199_ema_top1,67.94,32,8,100,False,/liziqing/yukai/otm_worktree_mncifar/work_dirs/classification/cifar_dtem_spatial_20260814/runs/mn_l4/spatial_r2/r256/seed42/summary.csv,99d2950f8ad0c7c1530a05499c25b83a79a2ca893d9aec1091d6ea23f4376ee8,9949dce2d1e4cf2ae0f2c918f5f5270a40d6e77da58c293cfd13459ae2542062,/liziqing/yukai/otm_worktree_mncifar/work_dirs/classification/cifar_dtem_spatial_20260814/runs/mn_l4/spatial_r2/r256/seed42/manifest.json,2034ec6b4c182535e3ffb4f72d58a4cdc9ea5b6c357e27374411ab99f7669deb,/liziqing/yukai/otm_worktree_mncifar/work_dirs/classification/cifar_dtem_spatial_20260814/runs/mn_l4/spatial_r2/r256/seed42/completion.json,8fde936868b6ee2e7052fb72588c433b3f6cabe686e20728e5245abc08fbc053,/liziqing/yukai/otm_worktree_mncifar/work_dirs/classification/cifar_dtem_spatial_20260814/runs/mn_l4/spatial_r2/r256/seed42/last.pth.tar,ba7ddf1f53ed633d72da61522db1a960db9df99564174934011b8d7f33573520,False,/liziqing/yukai/otm_worktree_mncifar/work_dirs/classification/cifar_dtem_spatial_20260814/evaluation/checkpoint_parity/mn_l4_r2_r256_seed42.json,baaf9f7b46b2a64f90955bc5c2efa3641f665125acc9333112c8638f6bb3085d,9387828f5a90e2a2dfb2f68a0ffaaf812be81ca4fd4140d59373f7a57d0093fd,3c43e6a13aaa0a0037c012ccbddc84beb27d24957eb696cd736251ccb1d826f6,2026-08-16T16:55:46+00:00,2026-08-17T08:12:51+00:00,True
mn_l4,256,spatial_r3,42,200,epoch199_ema_top1,69.4,32,8,100,False,/liziqing/yukai/otm_worktree_mncifar/work_dirs/classification/cifar_dtem_spatial_20260814/runs/mn_l4/spatial_r3/r256/seed42/summary.csv,9a14b81873a8edde336fe1726206acf3d4e70163effa418cd486a73c7ab92083,5099980401caf47c54f2e792192440a5d7327279f19065eaac3c1dff13cce7f0,/liziqing/yukai/otm_worktree_mncifar/work_dirs/classification/cifar_dtem_spatial_20260814/runs/mn_l4/spatial_r3/r256/seed42/manifest.json,d5b22205ce03358afa3a19168d9c932818060b601da4f166cb7c9356242ef39b,/liziqing/yukai/otm_worktree_mncifar/work_dirs/classification/cifar_dtem_spatial_20260814/runs/mn_l4/spatial_r3/r256/seed42/completion.json,70ee04c81f5f81b69a976a54a35ac37aa15f6611f4326f6afa38cb144cd20967,/liziqing/yukai/otm_worktree_mncifar/work_dirs/classification/cifar_dtem_spatial_20260814/runs/mn_l4/spatial_r3/r256/seed42/last.pth.tar,fb9bf4fd960e2ae05892affc494a5a0e89e721203ecf962886a3f11367b65dff,False,/liziqing/yukai/otm_worktree_mncifar/work_dirs/classification/cifar_dtem_spatial_20260814/evaluation/checkpoint_parity/mn_l4_r3_r256_seed42.json,3df8fce5034b254f526e3a274d383ab30269e84e02e53fd5c37ebc08d162d53a,9387828f5a90e2a2dfb2f68a0ffaaf812be81ca4fd4140d59373f7a57d0093fd,3c43e6a13aaa0a0037c012ccbddc84beb27d24957eb696cd736251ccb1d826f6,2026-08-16T17:47:36+00:00,2026-08-17T00:48:33+00:00,True
mn_l4,256,spatial_r4,42,200,epoch199_ema_top1,68.84,32,8,100,False,/liziqing/yukai/otm_worktree_mncifar/work_dirs/classification/cifar_dtem_spatial_20260814/runs/mn_l4/spatial_r4/r256/seed42/summary.csv,389972dcbc6ee123bfe6147e43bc2d3c8980feb327cd7d246089644630ca732f,4bda53e0fa2807f366365a3331ffbb1fd72d61b9697890211b7408af6cb03e4e,/liziqing/yukai/otm_worktree_mncifar/work_dirs/classification/cifar_dtem_spatial_20260814/runs/mn_l4/spatial_r4/r256/seed42/manifest.json,99d5dc9eb57310afefc6b8bbe8b0eb74112ac1f42caf0ebfde2854b4c88253db,/liziqing/yukai/otm_worktree_mncifar/work_dirs/classification/cifar_dtem_spatial_20260814/runs/mn_l4/spatial_r4/r256/seed42/completion.json,e827de88b43ba4922485cb8a44d84953c535f813273da66fb8c0b4b59bb7cca8,/liziqing/yukai/otm_worktree_mncifar/work_dirs/classification/cifar_dtem_spatial_20260814/runs/mn_l4/spatial_r4/r256/seed42/last.pth.tar,a11c7b05d12d5b1ab83026acc39c48f9fc8058efef538018b7b8d0f667200b62,False,/liziqing/yukai/otm_worktree_mncifar/work_dirs/classification/cifar_dtem_spatial_20260814/evaluation/checkpoint_parity/mn_l4_r4_r256_seed42.json,7e74cf238dbd8ed42480a9be4ee7bcabcd0264565556bed400f412172811fd30,9387828f5a90e2a2dfb2f68a0ffaaf812be81ca4fd4140d59373f7a57d0093fd,3c43e6a13aaa0a0037c012ccbddc84beb27d24957eb696cd736251ccb1d826f6,2026-08-16T18:43:41+00:00,2026-08-17T01:46:46+00:00,True
mn_l4,256,spatial_r8,42,200,epoch199_ema_top1,67.58,32,8,100,False,/liziqing/yukai/otm_worktree_mncifar/work_dirs/classification/cifar_dtem_spatial_20260814/runs/mn_l4/spatial_r8/r256/seed42/summary.csv,520b325bfce1614f22df01b876e072763d7ad079a82cb3c471e5fec42c253934,81d05755a1e12add2283feffdedd2bc164c74ad1ed4673a52da85450ac0eb980,/liziqing/yukai/otm_worktree_mncifar/work_dirs/classification/cifar_dtem_spatial_20260814/runs/mn_l4/spatial_r8/r256/seed42/manifest.json,34977f325ffe2831221c5e0ec83b754e1fa828f2a703234f6a11ce4795f85ddb,/liziqing/yukai/otm_worktree_mncifar/work_dirs/classification/cifar_dtem_spatial_20260814/runs/mn_l4/spatial_r8/r256/seed42/completion.json,245617128bec2d736efcca1350f040227b01d01fc1c365be7aecc7004477bd35,/liziqing/yukai/otm_worktree_mncifar/work_dirs/classification/cifar_dtem_spatial_20260814/runs/mn_l4/spatial_r8/r256/seed42/last.pth.tar,413f03b064034569384cef1bac8213ddbf893d4f7d60e75f95b02b05c85a8260,False,/liziqing/yukai/otm_worktree_mncifar/work_dirs/classification/cifar_dtem_spatial_20260814/evaluation/checkpoint_parity/mn_l4_r8_r256_seed42.json,2a7805598f6b3f94dd71b09efd04acde6b7b6076e2bfa1f4914c92f0d830b1b5,9387828f5a90e2a2dfb2f68a0ffaaf812be81ca4fd4140d59373f7a57d0093fd,3c43e6a13aaa0a0037c012ccbddc84beb27d24957eb696cd736251ccb1d826f6,2026-08-16T19:13:51+00:00,2026-08-17T02:19:15+00:00,True
mn_l4,320,flat_w8_historical,42,200,epoch199_ema_top1,67.08,32,8,50,True,/liziqing/yukai/otm_worktree_mncifar/work_dirs/classification/cifar_resize_delivery_validation_20260810/runs/mn_l4/r320/seed42/summary.csv,ccce0dc1df7f5063b8f15b05c6acb90bee84d62b28b3db037aacddc5944efe25,fb9d4b0758bf584c6131b555f5a6a1372a65b5d15c1bb062588917475d978717,/liziqing/yukai/otm_worktree_mncifar/work_dirs/classification/cifar_resize_delivery_validation_20260810/runs/mn_l4/r320/seed42/manifest.json,e4e6b9d855d0ae1353062ccd51f88bd830dae1b3828ea2888ec16702ef4e02e1,/liziqing/yukai/otm_worktree_mncifar/work_dirs/classification/cifar_resize_delivery_validation_20260810/runs/mn_l4/r320/seed42/completion.json,8dd23666e9214c456dc57a3f513cce2382c2a77b7b804949c249790da08fa2d2,/liziqing/yukai/otm_worktree_mncifar/work_dirs/classification/cifar_resize_delivery_validation_20260810/runs/mn_l4/r320/seed42/last.pth.tar,b89c1c308f93942e13e93821227a8687d057dc2535cb6e2a6e5226c101b1b795,False,,,2a0c7ff66c32eb167aef459fdc04d3d188deb0d2c6f1d0428dcf1b3cceedc94d,8124e12a905b10e37a95d06e877aea7d5219be6f1026074c4ea1d196eed91ce3,2026-08-10T18:39:32+00:00,2026-08-12T01:49:24+00:00,True
mn_l4,320,global,42,200,epoch199_ema_top1,66.05,32,8,50,False,/liziqing/yukai/otm_worktree_mncifar/work_dirs/classification/cifar_dtem_spatial_20260814/runs/mn_l4/global/r320/seed42/summary.csv,07704da2e42b4f51f40dcdde17c6e45b64573b24c8e68381a3f771635b182e93,f7773cd4376b7709d93b2c23fab70f638336760617480584cfddff2acad312e0,/liziqing/yukai/otm_worktree_mncifar/work_dirs/classification/cifar_dtem_spatial_20260814/runs/mn_l4/global/r320/seed42/manifest.json,4a061e4c7a22775accbeb3aa619b579d881b3f1e64c200c07a28d395fd493eb3,/liziqing/yukai/otm_worktree_mncifar/work_dirs/classification/cifar_dtem_spatial_20260814/runs/mn_l4/global/r320/seed42/completion.json,22e60f800acf4c424958f3e2aa3ca9b7a0dfd58bb31e4f7c2ca7c8f4fa0d62e2,/liziqing/yukai/otm_worktree_mncifar/work_dirs/classification/cifar_dtem_spatial_20260814/runs/mn_l4/global/r320/seed42/last.pth.tar,b22b204e3bac817bf893f88ca3610d1899bef4d83592ad169b59437a3df793a9,False,/liziqing/yukai/otm_worktree_mncifar/work_dirs/classification/cifar_dtem_spatial_20260814/evaluation/checkpoint_parity/mn_l4_global_r320_seed42.json,904063bfdd9e0b050f0fbf9b8c9c26214633e236145c03a06556fe0586e577c3,9387828f5a90e2a2dfb2f68a0ffaaf812be81ca4fd4140d59373f7a57d0093fd,3c43e6a13aaa0a0037c012ccbddc84beb27d24957eb696cd736251ccb1d826f6,2026-08-15T09:46:40+00:00,2026-08-15T21:30:34+00:00,True
mn_l4,320,spatial_r1,42,200,epoch199_ema_top1,66.86,32,8,50,False,/liziqing/yukai/otm_worktree_mncifar/work_dirs/classification/cifar_dtem_spatial_20260814/runs/mn_l4/spatial_r1/r320/seed42/summary.csv,2852f6c0b1d7de8ec9e9b8d1a7ad716dd77788449ee647a493e46fec42cdd4f7,b59778a0ed5c1de13583bb6166dbf5746a19678298e6a5b6fb1f2b61cabf02e6,/liziqing/yukai/otm_worktree_mncifar/work_dirs/classification/cifar_dtem_spatial_20260814/runs/mn_l4/spatial_r1/r320/seed42/manifest.json,e204bde635d86d838954d97d537e04f647687e9814d04bdaf13b0443d530d26a,/liziqing/yukai/otm_worktree_mncifar/work_dirs/classification/cifar_dtem_spatial_20260814/runs/mn_l4/spatial_r1/r320/seed42/completion.json,99bbb66c36e80d215c798cfd477017c7927d7cba64bd34d6044f816ff3feaff3,/liziqing/yukai/otm_worktree_mncifar/work_dirs/classification/cifar_dtem_spatial_20260814/runs/mn_l4/spatial_r1/r320/seed42/last.pth.tar,b6bde3c5327a077602dd82d7f3435d91bd24d26716f12a582e4a4d606ac993cd,False,/liziqing/yukai/otm_worktree_mncifar/work_dirs/classification/cifar_dtem_spatial_20260814/evaluation/checkpoint_parity/mn_l4_r1_r320_seed42.json,7ba8a74990763b9b7957eab6da0dd203881ef86bb2335ed2362c061179ea2823,9387828f5a90e2a2dfb2f68a0ffaaf812be81ca4fd4140d59373f7a57d0093fd,3c43e6a13aaa0a0037c012ccbddc84beb27d24957eb696cd736251ccb1d826f6,2026-08-15T11:05:27+00:00,2026-08-15T23:01:34+00:00,True
mn_l4,320,spatial_r2,42,200,epoch199_ema_top1,68.98,32,8,50,False,/liziqing/yukai/otm_worktree_mncifar/work_dirs/classification/cifar_dtem_spatial_20260814/runs/mn_l4/spatial_r2/r320/seed42/summary.csv,59cfbe7b9aac84569bc2aac95911d80bc7bebf549ed02cac860c13e2a5ae7364,77f601ae99e169ea2350e68e21f07b192faecb224c894b2305f4558e3efe1e9c,/liziqing/yukai/otm_worktree_mncifar/work_dirs/classification/cifar_dtem_spatial_20260814/runs/mn_l4/spatial_r2/r320/seed42/manifest.json,70cebf8825e4163306b84c5069cf1a7f54decb051d9d1e2bc83fc3da54174b50,/liziqing/yukai/otm_worktree_mncifar/work_dirs/classification/cifar_dtem_spatial_20260814/runs/mn_l4/spatial_r2/r320/seed42/completion.json,49d2e2b9c36664934c551c66e04caaff637dd9f8352cce878b81da3254692717,/liziqing/yukai/otm_worktree_mncifar/work_dirs/classification/cifar_dtem_spatial_20260814/runs/mn_l4/spatial_r2/r320/seed42/last.pth.tar,3255a4b52cce4e52cd2532af97d5de3a43cd8f29fb96e8f7c94afda739e26648,False,/liziqing/yukai/otm_worktree_mncifar/work_dirs/classification/cifar_dtem_spatial_20260814/evaluation/checkpoint_parity/mn_l4_r2_r320_seed42.json,0919e75f0bf355235377e28290ff47aae10ade9027709598024831ac0fe6e015,9387828f5a90e2a2dfb2f68a0ffaaf812be81ca4fd4140d59373f7a57d0093fd,3c43e6a13aaa0a0037c012ccbddc84beb27d24957eb696cd736251ccb1d826f6,2026-08-15T11:09:49+00:00,2026-08-15T23:05:42+00:00,True
mn_l4,320,spatial_r3,42,200,epoch199_ema_top1,68.83,32,8,50,False,/liziqing/yukai/otm_worktree_mncifar/work_dirs/classification/cifar_dtem_spatial_20260814/runs/mn_l4/spatial_r3/r320/seed42/summary.csv,fe8a44cdbc6729ea66f5015a68db43fc879aeaf8e7464a632370c376052d41df,c35b85008f3bbcc090c3aa3f1e8be7c94967183563b7a996785907b8ccd6b8c4,/liziqing/yukai/otm_worktree_mncifar/work_dirs/classification/cifar_dtem_spatial_20260814/runs/mn_l4/spatial_r3/r320/seed42/manifest.json,3809d6172dc9a127399a07f7578472aacfbae178570fffab929f991a6a2915c6,/liziqing/yukai/otm_worktree_mncifar/work_dirs/classification/cifar_dtem_spatial_20260814/runs/mn_l4/spatial_r3/r320/seed42/completion.json,26c464c7c5c6147375fe8023f6cc993f59c5816914e99d584d107749f0b4ae92,/liziqing/yukai/otm_worktree_mncifar/work_dirs/classification/cifar_dtem_spatial_20260814/runs/mn_l4/spatial_r3/r320/seed42/last.pth.tar,e79e048f8607f19846f2dd7eab0b21d4954207cf673921f8413f47ba7ba85be4,False,/liziqing/yukai/otm_worktree_mncifar/work_dirs/classification/cifar_dtem_spatial_20260814/evaluation/checkpoint_parity/mn_l4_r3_r320_seed42.json,93e91bb3e5489ca213143c6994e2b72380c003062eaf6c0482184cda269bbe1e,9387828f5a90e2a2dfb2f68a0ffaaf812be81ca4fd4140d59373f7a57d0093fd,3c43e6a13aaa0a0037c012ccbddc84beb27d24957eb696cd736251ccb1d826f6,2026-08-15T11:39:44+00:00,2026-08-15T23:36:25+00:00,True
mn_l4,320,spatial_r4,42,200,epoch199_ema_top1,69.28,32,8,50,False,/liziqing/yukai/otm_worktree_mncifar/work_dirs/classification/cifar_dtem_spatial_20260814/runs/mn_l4/spatial_r4/r320/seed42/summary.csv,6f2c06e3ca7306c690977bd12004b177d6d82b094171cb674f3520adf659e906,313039c0a87542e4b78c4b0857ca8debd2a789c006e1b0be71d3c5b0be4aa136,/liziqing/yukai/otm_worktree_mncifar/work_dirs/classification/cifar_dtem_spatial_20260814/runs/mn_l4/spatial_r4/r320/seed42/manifest.json,8a8e06af726dbe8b2fab7f075d3ab89127ff4876a60fe7ff751a7f9f488be292,/liziqing/yukai/otm_worktree_mncifar/work_dirs/classification/cifar_dtem_spatial_20260814/runs/mn_l4/spatial_r4/r320/seed42/completion.json,ce172557dbdfb492ecc1b8e8ed31fcd421201807c746ee738c09d7d65db859d0,/liziqing/yukai/otm_worktree_mncifar/work_dirs/classification/cifar_dtem_spatial_20260814/runs/mn_l4/spatial_r4/r320/seed42/last.pth.tar,b1faeeafe14638271a20403c38990c9008fad240c81294ed946050d712265cf1,False,/liziqing/yukai/otm_worktree_mncifar/work_dirs/classification/cifar_dtem_spatial_20260814/evaluation/checkpoint_parity/mn_l4_r4_r320_seed42.json,0b4e8b9c0435d5b59fd6eea08708d34420f7c8282536db1d6e7cb198582528e5,9387828f5a90e2a2dfb2f68a0ffaaf812be81ca4fd4140d59373f7a57d0093fd,3c43e6a13aaa0a0037c012ccbddc84beb27d24957eb696cd736251ccb1d826f6,2026-08-15T21:31:29+00:00,2026-08-16T09:26:50+00:00,True
mn_l4,320,spatial_r8,42,200,epoch199_ema_top1,68.07,32,8,50,False,/liziqing/yukai/otm_worktree_mncifar/work_dirs/classification/cifar_dtem_spatial_20260814/runs/mn_l4/spatial_r8/r320/seed42/summary.csv,cc70ceee14237e8769f51047eb02ab7104a27a020b34c8d8b1717082ba90e1e0,27cc0d8e49652c980686ebbf06f4ced11350fc3d0a2e2f11d77118605374355c,/liziqing/yukai/otm_worktree_mncifar/work_dirs/classification/cifar_dtem_spatial_20260814/runs/mn_l4/spatial_r8/r320/seed42/manifest.json,61e02e5647bf35ce308b3f51d4b0bcf84e653826e11af026feda3b2ed5d5e54e,/liziqing/yukai/otm_worktree_mncifar/work_dirs/classification/cifar_dtem_spatial_20260814/runs/mn_l4/spatial_r8/r320/seed42/completion.json,7ef4ff4f1b4e43c9605b5d57e4baa0ccb7808cb7d3f19e47fe9190ccc2356f59,/liziqing/yukai/otm_worktree_mncifar/work_dirs/classification/cifar_dtem_spatial_20260814/runs/mn_l4/spatial_r8/r320/seed42/last.pth.tar,3c8dcbf681178f2696ff4f0afa720efb31239b2dbd48176954cb65aa828a95fb,False,/liziqing/yukai/otm_worktree_mncifar/work_dirs/classification/cifar_dtem_spatial_20260814/evaluation/checkpoint_parity/mn_l4_r8_r320_seed42.json,90d8e9900d39c3328d051de2718133c5bbe1e39594a47a37d2e450aa5f2fb8ec,9387828f5a90e2a2dfb2f68a0ffaaf812be81ca4fd4140d59373f7a57d0093fd,3c43e6a13aaa0a0037c012ccbddc84beb27d24957eb696cd736251ccb1d826f6,2026-08-15T23:02:26+00:00,2026-08-16T10:57:05+00:00,True
