epoch,train_loss,train_top1,train_top5,train_lr,train_lr_min,train_lr_max,train_throughput,train_mem_allocated_mb,train_mem_reserved_mb,train_effective_lambda,train_retained_tokens,train_soft_topk_aux_weight,eval_loss,eval_top1,eval_top5,eval_throughput,eval_mem_allocated_mb,eval_mem_reserved_mb,eval_top1_full_compression
0,4.619364440917969,0.0,0.0,1e-06,1e-06,1e-06,429.3948730139303,31864.1494140625,33548.0,2.0,392,0.0,4.674375,0.99,4.1,1316.0296036879292,3194.89892578125,33548.0,0.0
1,4.509513669967651,0.0,0.0,5.0950000000000005e-05,5.0950000000000005e-05,5.0950000000000005e-05,443.0348773838796,31854.50537109375,33550.0,2.0,392,0.0,4.623828125,1.13,5.6,1345.4951634334138,3194.89892578125,33550.0,0.0
2,4.437842109680176,0.0,0.0,0.00010090000000000001,0.00010090000000000001,0.00010090000000000001,443.9002926576815,31854.50537109375,33550.0,2.0,392,0.0,4.550234375,2.2,8.85,1338.1019139914863,3194.89892578125,33550.0,0.0
3,4.412400863647461,0.0,0.0,0.00015085000000000003,0.00015085000000000003,0.00015085000000000003,443.1415557238897,31854.50537109375,33550.0,2.0,392,0.0,4.4628125,4.26,14.7,1334.436905418856,3194.89892578125,33550.0,0.0
4,4.3789447402954105,0.0,0.0,0.00020080000000000003,0.00020080000000000003,0.00020080000000000003,442.6124716389494,31854.50537109375,33550.0,2.0,392,0.0,4.376484375,6.44,21.03,1320.1709387289936,3194.89892578125,33550.0,0.0
5,4.3700086154937745,0.0,0.0,0.00025075000000000005,0.00025075000000000005,0.00025075000000000005,443.0823652896627,31854.50537109375,33550.0,2.0,392,0.0,4.29859375,8.04,25.63,1336.5057909460047,3194.89892578125,33550.0,0.0
6,4.365513288497925,0.0,0.0,0.0003007000000000001,0.0003007000000000001,0.0003007000000000001,443.50432571689635,31854.50537109375,33550.0,2.0,392,0.0,4.23203125,9.58,28.19,1344.907808666517,3194.89892578125,33550.0,0.0
7,4.335296262741089,0.0,0.0,0.0003506500000000001,0.0003506500000000001,0.0003506500000000001,442.43836850902244,31854.50537109375,33550.0,2.0,392,0.0,4.174453125,10.41,30.07,1305.4896373610154,3194.89892578125,33550.0,0.0
8,4.345491756439209,0.0,0.0,0.0004006000000000001,0.0004006000000000001,0.0004006000000000001,442.9082365949404,31854.50537109375,33550.0,2.0,392,0.0,4.125859375,10.94,31.58,1334.4928644009485,3194.89892578125,33550.0,0.0
9,4.3417361507415775,0.0,0.0,0.0004505500000000001,0.0004505500000000001,0.0004505500000000001,442.49994899064893,31854.50537109375,33550.0,2.0,392,0.0,4.083046875,11.63,33.06,1322.9897375736928,3194.89892578125,33550.0,0.0
10,4.309256345748901,0.0,0.0,0.0005005000000000001,0.0005005000000000001,0.0005005000000000001,441.02980191245723,31854.50537109375,33550.0,2.0,392,0.0,4.043125,12.18,34.28,1324.9347696977602,3194.89892578125,33550.0,0.0
11,4.326295799255371,0.0,0.0,0.0005504500000000001,0.0005504500000000001,0.0005504500000000001,411.95311804928605,31854.50537109375,33550.0,2.0,392,0.0,4.005703125,12.88,35.52,1297.1450928528063,3194.89892578125,33550.0,0.0
12,4.31495136833191,0.0,0.0,0.0006004000000000002,0.0006004000000000002,0.0006004000000000002,164.5774350996392,31854.50537109375,33550.0,2.0,392,0.0,3.968671875,13.47,36.64,1335.3218444762067,3194.89892578125,33550.0,0.0
13,4.312287865638733,0.0,0.0,0.0006503500000000002,0.0006503500000000002,0.0006503500000000002,443.9031988457609,31854.50537109375,33550.0,2.0,392,0.0,3.928828125,14.09,37.98,1328.8684814323417,3194.89892578125,33550.0,0.0
14,4.317821718215942,0.0,0.0,0.0007003000000000002,0.0007003000000000002,0.0007003000000000002,443.2325134171943,31854.50537109375,33550.0,2.0,392,0.0,3.8886328125,14.79,39.48,1327.9849245058563,3194.89892578125,33550.0,0.0
15,4.298524742126465,0.0,0.0,0.0007502500000000002,0.0007502500000000002,0.0007502500000000002,443.42670953747347,31854.50537109375,33550.0,2.0,392,0.0,3.8475,15.61,40.8,1314.0606295711325,3194.89892578125,33550.0,0.0
16,4.30937763595581,0.0,0.0,0.0008002000000000002,0.0008002000000000002,0.0008002000000000002,442.97139542427703,31854.50537109375,33550.0,2.0,392,0.0,3.8078515625,16.46,42.31,1337.810751327555,3194.89892578125,33550.0,0.0
17,4.2840095767974855,0.0,0.0,0.0008501500000000001,0.0008501500000000001,0.0008501500000000001,443.0311720461871,31854.50537109375,33550.0,2.0,392,0.0,3.767734375,17.15,43.27,1323.8680367781383,3194.89892578125,33550.0,0.0
18,4.28507719039917,0.0,0.0,0.0009001000000000001,0.0009001000000000001,0.0009001000000000001,443.5094796473606,31854.50537109375,33550.0,2.0,392,0.0,3.730859375,17.76,44.57,1329.739302802335,3194.89892578125,33550.0,0.0
19,4.272986999511719,0.0,0.0,0.0009500500000000001,0.0009500500000000001,0.0009500500000000001,442.10318806531194,31854.50537109375,33550.0,2.0,392,0.0,3.69453125,18.71,45.78,1333.6443036704834,3194.89892578125,33550.0,0.0
20,4.269174286842346,0.0,0.0,0.0009779754323328191,0.0009779754323328191,0.0009779754323328191,439.7831360680197,32085.083984375,33550.0,2.0,392,0.0025,3.6610546875,19.45,46.83,1323.2086917342172,3194.89892578125,33550.0,0.0
21,4.256315523147583,0.0,0.0,0.0009757384114723954,0.0009757384114723954,0.0009757384114723954,440.47207799615836,32085.083984375,33550.0,2.0,392,0.005,3.6278125,20.21,47.76,1322.4573461957846,3194.89892578125,33550.0,0.0
22,4.234348766326904,0.0,0.0,0.0009733963460294015,0.0009733963460294015,0.0009733963460294015,440.59821143789554,32085.083984375,33550.0,2.0,392,0.0075000000000000015,3.59765625,20.92,48.87,1318.2114367893814,3194.89892578125,33550.0,0.0
23,4.233913038253784,0.0,0.0,0.0009709498138734404,0.0009709498138734404,0.0009709498138734404,377.9275328778123,32085.083984375,33550.0,2.0,392,0.01,3.5705859375,21.5,50.38,1336.7435564643024,3194.89892578125,33550.0,0.0
24,4.229340972900391,0.0,0.0,0.0009683994186497131,0.0009683994186497131,0.0009683994186497131,433.52415585651823,32085.083984375,33550.0,2.0,392,0.0125,3.5447265625,22.23,51.67,1319.5254406766555,3194.89892578125,33550.0,0.0
25,4.219067118644714,0.0,0.0,0.000965745789630079,0.000965745789630079,0.000965745789630079,176.73311229542142,32085.083984375,33550.0,2.0,392,0.015000000000000003,3.5213671875,22.97,52.79,1340.7075641911522,3194.89892578125,33550.0,0.0
26,4.199323341369629,0.0,0.0,0.0009629895815577914,0.0009629895815577914,0.0009629895815577914,439.37082668821773,32085.083984375,33550.0,2.0,392,0.0175,3.498046875,23.87,53.79,1298.3899614551005,3194.89892578125,33550.0,0.0
27,4.194373148918152,0.0,0.0,0.0009601314744859503,0.0009601314744859503,0.0009601314744859503,435.7512902768015,32085.083984375,33550.0,2.0,392,0.02,3.4788671875,24.64,54.8,1292.7367790644587,3194.89892578125,33550.0,0.0
28,4.209501343727112,0.0,0.0,0.0009571721736097088,0.0009571721736097088,0.0009571721736097088,439.26676095017797,32085.083984375,33550.0,2.0,392,0.0225,3.4618359375,25.53,55.61,1294.7078223855056,3194.89892578125,33550.0,0.0
29,4.171694586753845,0.0,0.0,0.000954112409092277,0.000954112409092277,0.000954112409092277,439.2982235847501,32085.083984375,33550.0,2.0,392,0.025,3.443125,26.23,56.5,1337.475315977963,3194.89892578125,33550.0,0.0
30,4.167502649307251,0.0,0.0,0.0009509529358847655,0.0009509529358847655,0.0009509529358847655,439.87932255850853,32085.083984375,33550.0,2.0,392,0.027500000000000004,3.4241015625,26.96,57.35,1326.4380420916532,3194.89892578125,33550.0,0.0
31,4.165567732810974,0.0,0.0,0.0009476945335399121,0.0009476945335399121,0.0009476945335399121,437.6378026146231,32085.083984375,33550.0,2.0,392,0.030000000000000006,3.4056640625,27.93,58.25,1318.3782118366444,3194.89892578125,33550.0,0.0
32,4.147883560180664,0.0,0.0,0.0009443380060197386,0.0009443380060197386,0.0009443380060197386,439.05932606288576,32085.083984375,33550.0,2.0,392,0.0325,3.38484375,28.65,58.97,1294.2597261398032,3194.89892578125,33550.0,0.0
33,4.151553108215332,0.0,0.0,0.0009408841814971861,0.0009408841814971861,0.0009408841814971861,436.17540678410916,32085.083984375,33550.0,2.0,392,0.035,3.365234375,29.32,59.74,1279.972656834113,3194.89892578125,33550.0,0.0
34,4.158099153518677,0.0,0.0,0.0009373339121517746,0.0009373339121517746,0.0009373339121517746,438.40530863366683,32085.083984375,33550.0,2.0,392,0.0375,3.3452734375,29.75,60.58,1318.224942961989,3194.89892578125,33550.0,0.0
35,4.1150132207870485,0.0,0.0,0.0009336880739593415,0.0009336880739593415,0.0009336880739593415,438.24704891784063,32085.083984375,33550.0,2.0,392,0.04,3.3221875,30.25,61.42,1315.2235308733873,3194.89892578125,33550.0,0.0
36,4.105928339958191,0.0,0.0,0.0009299475664759069,0.0009299475664759069,0.0009299475664759069,437.23418330800536,32085.083984375,33550.0,2.0,392,0.0425,3.2972265625,30.93,62.15,1334.0784631919314,3194.89892578125,33550.0,0.0
37,4.121719173431396,0.0,0.0,0.0009261133126157217,0.0009261133126157217,0.0009261133126157217,436.14524520622155,32085.083984375,33550.0,2.0,392,0.045,3.2736328125,31.45,62.62,1343.5846688175704,3194.89892578125,33550.0,0.0
38,4.123185230255127,0.0,0.0,0.0009221862584235528,0.0009221862584235528,0.0009221862584235528,393.4566799102053,32085.083984375,33550.0,2.0,392,0.0475,3.2492578125,31.93,63.07,1335.278866181455,3194.89892578125,33550.0,0.0
39,4.102238777160644,0.0,0.0,0.0009181673728412606,0.0009181673728412606,0.0009181673728412606,440.11929268692467,32085.083984375,33550.0,2.0,392,0.05,3.2240234375,32.32,63.41,1333.891869344807,3194.89892578125,33550.0,0.0
40,4.076738519668579,0.0,0.0,0.0009140576474687263,0.0009140576474687263,0.0009140576474687263,331.215541668668,32085.083984375,33550.0,2.0,392,0.05,3.199296875,32.83,64.01,1328.9704185148598,3194.89892578125,33550.0,0.0
41,4.085669215202332,0.0,0.0,0.0009098580963191908,0.0009098580963191908,0.0009098580963191908,390.456493876063,32085.083984375,33550.0,2.0,392,0.05,3.1753125,33.24,64.34,1316.814919003072,3194.89892578125,33550.0,0.0
42,4.069132173538208,0.0,0.0,0.0009055697555690606,0.0009055697555690606,0.0009055697555690606,438.2732226624509,32085.083984375,33550.0,2.0,392,0.05,3.15109375,33.55,64.91,1308.723174718574,3194.89892578125,33550.0,0.0
43,4.044382525444031,0.0,0.0,0.0009011936833022483,0.0009011936833022483,0.0009011936833022483,438.9648990027639,32085.083984375,33550.0,2.0,392,0.05,3.1246484375,34.06,65.52,1298.4611069584762,3194.89892578125,33550.0,0.0
44,4.0476727285385135,0.0,0.0,0.0008967309592491052,0.0008967309592491052,0.0008967309592491052,439.95150227146524,32085.083984375,33550.0,2.0,392,0.05,3.099140625,34.46,65.85,1297.4010831988003,3194.89892578125,33550.0,0.0
45,4.02911707687378,0.0,0.0,0.000892182684520014,0.000892182684520014,0.000892182684520014,437.80846362794654,32085.083984375,33550.0,2.0,392,0.05,3.072734375,34.8,66.37,1283.9486279000243,3194.89892578125,33550.0,0.0
46,4.023749590873718,0.0,0.0,0.0008875499813337069,0.0008875499813337069,0.0008875499813337069,438.12632180855417,32085.083984375,33550.0,2.0,392,0.05,3.0455859375,35.2,66.79,1327.7242474194666,3194.89892578125,33550.0,0.0
47,4.019838032722473,0.0,0.0,0.0008828339927403744,0.0008828339927403744,0.0008828339927403744,439.8472434201902,32085.083984375,33550.0,2.0,392,0.05,3.017421875,35.65,67.11,1297.868947821126,3194.89892578125,33550.0,0.0
48,4.003349753379822,0.0,0.0,0.0008780358823396353,0.0008780358823396353,0.0008780358823396353,437.851587792947,32085.083984375,33550.0,2.0,392,0.05,2.9898828125,36.04,67.4,1326.2292145475599,3194.89892578125,33550.0,0.0
49,4.01138387966156,0.0,0.0,0.000873156833993435,0.000873156833993435,0.000873156833993435,439.88423019087196,32085.083984375,33550.0,2.0,392,0.05,2.9637890625,36.18,67.59,1316.3720903898559,3194.89892578125,33550.0,0.0
50,3.9869185466766357,0.0,0.0,0.0008681980515339464,0.0008681980515339464,0.0008681980515339464,438.7736118204952,32085.083984375,33550.0,2.0,392,0.05,2.9378515625,36.58,68.01,1322.6134777032328,3194.89892578125,33550.0,36.58
51,3.9825592784881594,0.0,0.0,0.0008631607584665414,0.0008631607584665414,0.0008631607584665414,439.15233158276,32085.083984375,33550.0,2.0,392,0.05,2.912109375,36.69,68.44,1325.6647992604123,3194.89892578125,33550.0,36.69
52,3.977117218017578,0.0,0.0,0.0008580461976679099,0.0008580461976679099,0.0008580461976679099,439.3078694830018,32085.083984375,33550.0,2.0,392,0.05,2.88703125,37.17,68.6,1305.4357592261226,3194.89892578125,33550.0,37.17
53,3.956235483169556,0.0,0.0,0.0008528556310793981,0.0008528556310793981,0.0008528556310793981,439.8286416746518,32085.083984375,33550.0,2.0,392,0.05,2.860859375,37.66,68.86,1296.5092056918872,3194.89892578125,33550.0,37.66
54,3.960789099693298,0.0,0.0,0.0008475903393956434,0.0008475903393956434,0.0008475903393956434,439.00472328565286,32085.083984375,33550.0,2.0,392,0.05,2.835859375,37.97,69.04,1290.7015814810488,3194.89892578125,33550.0,37.97
55,3.961678107261658,0.0,0.0,0.0008422516217485827,0.0008422516217485827,0.0008422516217485827,440.0636105818449,32085.083984375,33550.0,2.0,392,0.05,2.8119921875,38.26,69.42,1294.7799638648596,3194.89892578125,33550.0,38.26
56,3.9534406976699827,0.0,0.0,0.0008368407953869105,0.0008368407953869105,0.0008368407953869105,440.5328855810215,32085.083984375,33550.0,2.0,392,0.05,2.7882421875,38.47,69.88,1309.1680630842177,3194.89892578125,33550.0,38.47
57,3.927812780380249,0.0,0.0,0.0008313591953510675,0.0008313591953510675,0.0008313591953510675,439.01238591728236,32085.083984375,33550.0,2.0,392,0.05,2.7643359375,38.77,70.13,1280.9340404651757,3194.89892578125,33550.0,38.77
58,3.929433925628662,0.0,0.0,0.0008258081741438395,0.0008258081741438395,0.0008258081741438395,439.83257590718847,32085.083984375,33550.0,2.0,392,0.05,2.741640625,39.09,70.33,1306.1248893735726,3194.89892578125,33550.0,39.09
59,3.9183264980316164,0.0,0.0,0.0008201891013966478,0.0008201891013966478,0.0008201891013966478,435.1986172668933,32085.083984375,33550.0,2.0,392,0.05,2.71984375,39.34,70.57,1289.5266694847269,3194.89892578125,33550.0,39.34
60,3.900183204650879,0.0,0.0,0.0008145033635316131,0.0008145033635316131,0.0008145033635316131,437.00125923090434,32085.083984375,33550.0,2.0,392,0.05,2.69765625,39.62,70.86,1308.5326241521516,3194.89892578125,33550.0,39.62
61,3.889263647079468,0.0,0.0,0.0008087523634194754,0.0008087523634194754,0.0008087523634194754,440.1364863170194,32085.083984375,33550.0,2.0,392,0.05,2.67546875,40.09,71.13,1318.003576074671,3194.89892578125,33550.0,40.09
62,3.897469141960144,0.0,0.0,0.0008029375200334589,0.0008029375200334589,0.0008029375200334589,439.49720327248826,32085.083984375,33550.0,2.0,392,0.05,2.6541796875,40.45,71.34,1333.7706410214582,3194.89892578125,33550.0,40.45
63,3.877855276107788,0.0,0.0,0.0007970602680991593,0.0007970602680991593,0.0007970602680991593,376.9075330646655,32085.083984375,33550.0,2.0,392,0.05,2.6326953125,40.97,71.65,1299.816892192621,3194.89892578125,33550.0,40.97
64,3.8827864017486573,0.0,0.0,0.0007911220577405485,0.0007911220577405485,0.0007911220577405485,200.1495257687628,32085.083984375,33550.0,2.0,392,0.05,2.6115234375,41.43,72.12,1346.1546176641134,3194.89892578125,33550.0,41.43
65,3.8572308759689333,0.0,0.0,0.000785124354122177,0.000785124354122177,0.000785124354122177,441.0033489011443,32085.083984375,33550.0,2.0,392,0.05,2.5895703125,41.74,72.37,1315.491451932591,3194.89892578125,33550.0,41.74
66,3.883007363319397,0.0,0.0,0.0007790686370876671,0.0007790686370876671,0.0007790686370876671,438.4088994210334,32085.083984375,33550.0,2.0,392,0.05,2.5687109375,42.16,72.68,1294.9159154470697,3194.89892578125,33550.0,42.16
67,3.8601240758895874,0.0,0.0,0.0007729564007945835,0.0007729564007945835,0.0007729564007945835,437.5190292379639,32085.083984375,33550.0,2.0,392,0.05,2.5487890625,42.42,73.01,1338.0042481267385,3194.89892578125,33550.0,42.42
68,3.8546459589004516,0.0,0.0,0.0007667891533457719,0.0007667891533457719,0.0007667891533457719,435.38224557634965,32085.083984375,33550.0,2.0,392,0.05,2.529296875,42.79,73.49,1331.8762295900553,3194.89892578125,33550.0,42.79
69,3.865183786392212,0.0,0.0,0.0007605684164172581,0.0007605684164172581,0.0007605684164172581,435.51879800573096,32085.083984375,33550.0,2.0,392,0.05,2.5098828125,43.07,73.72,1317.398179553006,3194.89892578125,33550.0,43.07
70,3.844223397254944,0.0,0.0,0.000754295724882796,0.000754295724882796,0.000754295724882796,438.3467792123048,32085.083984375,33550.0,2.0,392,0.05,2.490703125,43.35,73.91,1324.1434211731794,3194.89892578125,33550.0,43.35
71,3.7988911600112916,0.0,0.0,0.0007479726264351617,0.0007479726264351617,0.0007479726264351617,435.3828105030506,32085.083984375,33550.0,2.0,392,0.05,2.4701953125,43.65,74.24,1277.207589534624,3194.89892578125,33550.0,43.65
72,3.828370548248291,0.0,0.0,0.0007416006812042827,0.0007416006812042827,0.0007416006812042827,440.0102080844192,32085.083984375,33550.0,2.0,392,0.05,2.4519921875,44.12,74.51,1312.0677806255294,3194.89892578125,33550.0,44.12
73,3.805858325958252,0.0,0.0,0.000735181461372299,0.000735181461372299,0.000735181461372299,439.13628417362884,32085.083984375,33550.0,2.0,392,0.05,2.43265625,44.54,74.73,1334.4597045286384,3194.89892578125,33550.0,44.54
74,3.8066378831863403,0.0,0.0,0.0007287165507856513,0.0007287165507856513,0.0007287165507856513,439.7580145735225,32085.083984375,33550.0,2.0,392,0.05,2.413359375,44.86,74.99,1331.0878486993495,3194.89892578125,33550.0,44.86
75,3.7783585824966432,0.0,0.0,0.0007222075445642905,0.0007222075445642905,0.0007222075445642905,439.66564092510845,32085.083984375,33550.0,2.0,392,0.05,2.3946875,45.26,75.25,1304.7198786853994,3194.89892578125,33550.0,45.26
76,3.7872762098312376,0.0,0.0,0.0007156560487081052,0.0007156560487081052,0.0007156560487081052,438.9366333751605,32085.083984375,33550.0,2.0,392,0.05,2.376171875,45.55,75.71,1289.624959721358,3194.89892578125,33550.0,45.55
77,3.7803888626098634,0.0,0.0,0.0007090636797006658,0.0007090636797006658,0.0007090636797006658,440.0377451581411,32085.083984375,33550.0,2.0,392,0.05,2.3585546875,46.14,75.93,1300.1254000021388,3194.89892578125,33550.0,46.14
78,3.765749348640442,0.0,0.0,0.0007024320641103813,0.0007024320641103813,0.0007024320641103813,438.64915015377073,32085.083984375,33550.0,2.0,392,0.05,2.33984375,46.58,76.16,1338.5063887506724,3194.89892578125,33550.0,46.58
79,3.7528816871643067,0.0,0.0,0.0006957628381891673,0.0006957628381891673,0.0006957628381891673,439.0017715253124,32085.083984375,33550.0,2.0,392,0.05,2.32173828125,46.88,76.43,1308.2843833171332,3194.89892578125,33550.0,46.88
80,3.7614951124191283,0.0,0.0,0.0006890576474687264,0.0006890576474687264,0.0006890576474687264,433.71562384287546,32085.083984375,33550.0,2.0,392,0.05,2.3037890625,47.31,76.65,1278.2063061347963,3194.89892578125,33550.0,47.31
81,3.7451868925094605,0.0,0.0,0.0006823181463545369,0.0006823181463545369,0.0006823181463545369,439.59903399443766,32085.083984375,33550.0,2.0,392,0.05,2.28525390625,47.72,76.93,1321.8761389088386,3194.89892578125,33550.0,47.72
82,3.7493452157974243,0.0,0.0,0.0006755459977176532,0.0006755459977176532,0.0006755459977176532,440.5145709410656,32085.083984375,33550.0,2.0,392,0.05,2.267109375,48.09,77.24,1336.838865317063,3194.89892578125,33550.0,48.09
83,3.7162858829498293,0.0,0.0,0.0006687428724844178,0.0006687428724844178,0.0006687428724844178,440.3222380108751,32085.083984375,33550.0,2.0,392,0.05,2.24904296875,48.47,77.65,1343.3002790332719,3194.89892578125,33550.0,48.47
84,3.734459659576416,0.0,0.0,0.0006619104492241846,0.0006619104492241846,0.0006619104492241846,437.7665706293402,32085.083984375,33550.0,2.0,392,0.05,2.2308984375,48.93,77.85,1331.2696868978437,3194.89892578125,33550.0,48.93
85,3.746847402572632,0.0,0.0,0.0006550504137351575,0.0006550504137351575,0.0006550504137351575,437.5784434744409,32085.083984375,33550.0,2.0,392,0.05,2.21333984375,49.4,78.13,1286.3038229987765,3194.89892578125,33550.0,49.4
86,3.705166919708252,0.0,0.0,0.0006481644586284443,0.0006481644586284443,0.0006481644586284443,438.9472078676679,32085.083984375,33550.0,2.0,392,0.05,2.19595703125,49.76,78.29,1300.034810759925,3194.89892578125,33550.0,49.76
87,3.7124421434402466,0.0,0.0,0.0006412542829104307,0.0006412542829104307,0.0006412542829104307,438.83600826275216,32085.083984375,33550.0,2.0,392,0.05,2.17912109375,50.15,78.64,1297.6209222959606,3194.89892578125,33550.0,50.15
88,3.7396892557144166,0.0,0.0,0.0006343215915635762,0.0006343215915635762,0.0006343215915635762,439.83001980108816,32085.083984375,33550.0,2.0,392,0.05,2.16291015625,50.53,78.92,1329.9895114748308,3194.89892578125,33550.0,50.53
89,3.735579257965088,0.0,0.0,0.0006273680951257343,0.0006273680951257343,0.0006273680951257343,439.46555741668874,32085.083984375,33550.0,2.0,392,0.05,2.146484375,50.89,79.29,1311.8905343292554,3194.89892578125,33550.0,50.89
90,3.726765323638916,0.0,0.0,0.000620395509268104,0.000620395509268104,0.000620395509268104,439.2935581477183,32085.083984375,33550.0,2.0,392,0.05,2.13021484375,51.31,79.46,1344.9005637719797,3194.89892578125,33550.0,51.31
91,3.6925219449996947,0.0,0.0,0.0006134055543719123,0.0006134055543719123,0.0006134055543719123,439.4890355695113,32085.083984375,33550.0,2.0,392,0.05,2.11453125,51.62,79.67,1309.528615419353,3194.89892578125,33550.0,51.62
92,3.6754556465148926,0.0,0.0,0.000606399955103937,0.000606399955103937,0.000606399955103937,439.9769994094896,32085.083984375,33550.0,2.0,392,0.05,2.0991796875,51.88,79.92,1341.1965112743794,3194.89892578125,33550.0,51.88
93,3.649417821884155,0.0,0.0,0.0005993804399909705,0.0005993804399909705,0.0005993804399909705,438.44662915626554,32085.083984375,33550.0,2.0,392,0.05,2.08357421875,52.12,80.1,1314.5735491179692,3194.89892578125,33550.0,52.12
94,3.6399752016067506,0.0,0.0,0.0005923487409933315,0.0005923487409933315,0.0005923487409933315,438.75096824452123,32085.083984375,33550.0,2.0,392,0.05,2.0673828125,52.45,80.41,1283.5838736628812,3194.89892578125,33550.0,52.45
95,3.6811867237091063,0.0,0.0,0.0005853065930775303,0.0005853065930775303,0.0005853065930775303,440.7521687354604,32085.083984375,33550.0,2.0,392,0.05,2.0523828125,52.86,80.75,1314.8823422344897,3194.89892578125,33550.0,52.86
96,3.6176052017211915,0.0,0.0,0.0005782557337881911,0.0005782557337881911,0.0005782557337881911,439.1830236454624,32085.083984375,33550.0,2.0,392,0.05,2.03736328125,53.17,80.93,1303.1661161597974,3194.89892578125,33550.0,53.17
97,3.6523271284103394,0.0,0.0,0.0005711979028193392,0.0005711979028193392,0.0005711979028193392,440.16820208504924,32085.083984375,33550.0,2.0,392,0.05,2.02357421875,53.4,81.13,1293.1767241484297,3194.89892578125,33550.0,53.4
98,3.644406441688538,0.0,0.0,0.0005641348415851578,0.0005641348415851578,0.0005641348415851578,439.1343770642479,32085.083984375,33550.0,2.0,392,0.05,2.00984375,53.69,81.3,1330.998046392614,3194.89892578125,33550.0,53.69
99,3.6698624000549316,0.0,0.0,0.0005570682927903193,0.0005570682927903193,0.0005570682927903193,439.1921954020266,32085.083984375,33550.0,2.0,392,0.05,1.9962109375,54.04,81.47,1312.5584431869402,3194.89892578125,33550.0,54.04
100,3.605998365402222,0.0,0.0,0.00055,0.00055,0.00055,437.9205915108683,32085.083984375,33550.0,2.0,392,0.05,1.98232421875,54.34,81.7,1335.1551755509488,3194.89892578125,33550.0,54.34
101,3.67155904006958,0.0,0.0,0.0005429317072096808,0.0005429317072096808,0.0005429317072096808,430.7910545434918,32085.083984375,33550.0,2.0,392,0.05,1.96994140625,54.59,81.96,1343.8555297889775,3194.89892578125,33550.0,54.59
102,3.598099048614502,0.0,0.0,0.0005358651584148423,0.0005358651584148423,0.0005358651584148423,439.0093063122629,32085.083984375,33550.0,2.0,392,0.05,1.9572265625,54.95,82.15,1322.085056295496,3194.89892578125,33550.0,54.95
103,3.617639762878418,0.0,0.0,0.0005288020971806609,0.0005288020971806609,0.0005288020971806609,438.8554509248903,32085.083984375,33550.0,2.0,392,0.05,1.94419921875,55.25,82.24,1327.329370157292,3194.89892578125,33550.0,55.25
104,3.6007567644119263,0.0,0.0,0.000521744266211809,0.000521744266211809,0.000521744266211809,438.79419382653117,32085.083984375,33550.0,2.0,392,0.05,1.931953125,55.4,82.44,1317.3575057929377,3194.89892578125,33550.0,55.4
105,3.6142055044174195,0.0,0.0,0.0005146934069224699,0.0005146934069224699,0.0005146934069224699,436.94920003004626,32085.083984375,33550.0,2.0,392,0.05,1.91982421875,55.74,82.61,1315.9615158413937,3194.89892578125,33550.0,55.74
106,3.57931338596344,0.0,0.0,0.0005076512590066686,0.0005076512590066686,0.0005076512590066686,438.24119327039875,32085.083984375,33550.0,2.0,392,0.05,1.90712890625,55.95,82.86,1311.5105129616877,3194.89892578125,33550.0,55.95
107,3.6069448089599607,0.0,0.0,0.0005006195600090296,0.0005006195600090296,0.0005006195600090296,437.7094220992181,32085.083984375,33550.0,2.0,392,0.05,1.89505859375,56.17,82.95,1345.0111431580099,3194.89892578125,33550.0,56.17
108,3.6104006490707397,0.0,0.0,0.0004936000448960632,0.0004936000448960632,0.0004936000448960632,436.198404955314,32085.083984375,33550.0,2.0,392,0.05,1.8839453125,56.61,83.34,1338.2557837239306,3194.89892578125,33550.0,56.61
109,3.538702325820923,0.0,0.0,0.0004865944456280879,0.0004865944456280879,0.0004865944456280879,440.3553407092679,32085.083984375,33550.0,2.0,392,0.05,1.87166015625,56.92,83.58,1330.4321821223937,3194.89892578125,33550.0,56.92
110,3.5647191820144655,0.0,0.0,0.0004796044907318961,0.0004796044907318961,0.0004796044907318961,438.6713583766375,32085.083984375,33550.0,2.0,392,0.05,1.860390625,57.11,83.74,1324.7865002606109,3194.89892578125,33550.0,57.11
111,3.6051485567092896,0.0,0.0,0.00047263190487426563,0.00047263190487426563,0.00047263190487426563,439.4696150078008,32085.083984375,33550.0,2.0,392,0.05,1.849453125,57.41,83.97,1344.4920004517217,3194.89892578125,33550.0,57.41
112,3.543243055343628,0.0,0.0,0.0004656784084364239,0.0004656784084364239,0.0004656784084364239,439.5484793980367,32085.083984375,33550.0,2.0,392,0.05,1.83845703125,57.57,84.18,1301.686297098139,3194.89892578125,33550.0,57.57
113,3.558865538597107,0.0,0.0,0.0004587457170895694,0.0004587457170895694,0.0004587457170895694,439.40342466698576,32085.083984375,33550.0,2.0,392,0.05,1.82837890625,57.95,84.33,1334.9534517264863,3194.89892578125,33550.0,57.95
114,3.5325186824798585,0.0,0.0,0.00045183554137155597,0.00045183554137155597,0.00045183554137155597,438.20051576787773,32085.083984375,33550.0,2.0,392,0.05,1.81751953125,58.19,84.59,1335.9951069301524,3194.89892578125,33550.0,58.19
115,3.566537293434143,0.0,0.0,0.0004449495862648425,0.0004449495862648425,0.0004449495862648425,436.15506971203655,32085.083984375,33550.0,2.0,392,0.05,1.8082421875,58.5,84.85,1337.033999005171,3194.89892578125,33550.0,58.5
116,3.5749745473861694,0.0,0.0,0.0004380895507758153,0.0004380895507758153,0.0004380895507758153,439.03154826218764,32085.083984375,33550.0,2.0,392,0.05,1.79837890625,58.83,85.01,1303.8514734194605,3194.89892578125,33550.0,58.83
117,3.5171927490234376,0.0,0.0,0.0004312571275155822,0.0004312571275155822,0.0004312571275155822,439.51657192599424,32085.083984375,33550.0,2.0,392,0.05,1.7887109375,59.08,85.01,1322.9375765704235,3194.89892578125,33550.0,59.08
118,3.4611386070251466,0.0,0.0,0.00042445400228234684,0.00042445400228234684,0.00042445400228234684,439.06122057056353,32085.083984375,33550.0,2.0,392,0.05,1.77845703125,59.3,85.15,1301.5851096298059,3194.89892578125,33550.0,59.3
119,3.526282727241516,0.0,0.0,0.0004176818536454633,0.0004176818536454633,0.0004176818536454633,438.0907373990197,32085.083984375,33550.0,2.0,392,0.05,1.76845703125,59.62,85.15,1309.1558451428953,3194.89892578125,33550.0,59.62
120,3.438188921928406,0.0,0.0,0.0004109423525312738,0.0004109423525312738,0.0004109423525312738,438.3331012029288,32085.083984375,33550.0,2.0,392,0.05,1.7582421875,60.06,85.36,1295.8325843856755,3194.89892578125,33550.0,60.06
121,3.5090450649261475,0.0,0.0,0.00040423716181083274,0.00040423716181083274,0.00040423716181083274,437.45703683291913,32085.083984375,33550.0,2.0,392,0.05,1.74919921875,60.12,85.44,1302.70664433487,3194.89892578125,33550.0,60.12
122,3.5077367935180663,0.0,0.0,0.0003975679358896189,0.0003975679358896189,0.0003975679358896189,437.8352696657872,32085.083984375,33550.0,2.0,392,0.05,1.73962890625,60.25,85.62,1332.5182919675271,3194.89892578125,33550.0,60.25
123,3.5053686990737916,0.0,0.0,0.00039093632029933435,0.00039093632029933435,0.00039093632029933435,438.2321701650749,32085.083984375,33550.0,2.0,392,0.05,1.73041015625,60.49,85.73,1321.5864971755577,3194.89892578125,33550.0,60.49
124,3.5148114004135134,0.0,0.0,0.000384343951291895,0.000384343951291895,0.000384343951291895,432.8098053667007,32085.083984375,33550.0,2.0,392,0.05,1.72111328125,60.62,85.86,1294.8681432609405,3194.89892578125,33550.0,60.62
125,3.4839195442199706,0.0,0.0,0.0003777924554357097,0.0003777924554357097,0.0003777924554357097,437.476377570631,32085.083984375,33550.0,2.0,392,0.05,1.71244140625,60.64,86.04,1314.80650077983,3194.89892578125,33550.0,60.64
126,3.451716304779053,0.0,0.0,0.00037128344921434864,0.00037128344921434864,0.00037128344921434864,439.23754843321626,32085.083984375,33550.0,2.0,392,0.05,1.70458984375,60.84,86.22,1294.6635023276633,3194.89892578125,33550.0,60.84
127,3.457055829048157,0.0,0.0,0.000364818538627701,0.000364818538627701,0.000364818538627701,437.6099980139121,32085.083984375,33550.0,2.0,392,0.05,1.6958984375,60.99,86.41,1322.3591990514258,3194.89892578125,33550.0,60.99
128,3.456835817337036,0.0,0.0,0.0003583993187957173,0.0003583993187957173,0.0003583993187957173,439.4979318227626,32085.083984375,33550.0,2.0,392,0.05,1.68814453125,61.15,86.58,1299.137700225849,3194.89892578125,33550.0,61.15
129,3.457248050689697,0.0,0.0,0.00035202737356483817,0.00035202737356483817,0.00035202737356483817,439.3379242976616,32085.083984375,33550.0,2.0,392,0.05,1.6798046875,61.24,86.71,1286.4433269699796,3194.89892578125,33550.0,61.24
130,3.422956443786621,0.0,0.0,0.00034570427511720393,0.00034570427511720393,0.00034570427511720393,438.86582680448447,32085.083984375,33550.0,2.0,392,0.05,1.67130859375,61.53,86.77,1300.2835181447706,3194.89892578125,33550.0,61.53
131,3.435857118606567,0.0,0.0,0.00033943158358274204,0.00033943158358274204,0.00033943158358274204,438.64258923051403,32085.083984375,33550.0,2.0,392,0.05,1.66283203125,61.65,86.9,1284.7519118335667,3194.89892578125,33550.0,61.65
132,3.472033045768738,0.0,0.0,0.0003332108466542281,0.0003332108466542281,0.0003332108466542281,438.8579525525143,32085.083984375,33550.0,2.0,392,0.05,1.655546875,62.1,87.06,1292.291280198726,3194.89892578125,33550.0,62.1
133,3.3729035062789916,0.0,0.0,0.0003270435992054166,0.0003270435992054166,0.0003270435992054166,438.0053529063188,32085.083984375,33550.0,2.0,392,0.05,1.64681640625,62.2,87.2,1309.0003825599358,3194.89892578125,33550.0,62.2
134,3.4372172470092774,0.0,0.0,0.0003209313629123329,0.0003209313629123329,0.0003209313629123329,439.72652661460216,32085.083984375,33550.0,2.0,392,0.05,1.63916015625,62.3,87.26,1324.332106167868,3194.89892578125,33550.0,62.3
135,3.371913872718811,0.0,0.0,0.00031487564587782306,0.00031487564587782306,0.00031487564587782306,437.3354257625069,32085.083984375,33550.0,2.0,392,0.05,1.631640625,62.52,87.4,1290.2714554068484,3194.89892578125,33550.0,62.52
136,3.353854358673096,0.0,0.0,0.0003088779422594514,0.0003088779422594514,0.0003088779422594514,432.48503428226604,32085.083984375,33550.0,2.0,392,0.05,1.6243359375,62.71,87.45,1312.838798742533,3194.89892578125,33550.0,62.71
137,3.403776146888733,0.0,0.0,0.0003029397319008406,0.0003029397319008406,0.0003029397319008406,436.1962656148375,32085.083984375,33550.0,2.0,392,0.05,1.61771484375,62.82,87.43,1308.740121584815,3194.89892578125,33550.0,62.82
138,3.395661931037903,0.0,0.0,0.0002970624799665412,0.0002970624799665412,0.0002970624799665412,436.29320297446185,32085.083984375,33550.0,2.0,392,0.05,1.61056640625,63.04,87.53,1301.7709350268165,3194.89892578125,33550.0,63.04
139,3.3526487503051756,0.0,0.0,0.00029124763658052463,0.00029124763658052463,0.00029124763658052463,438.09527024595883,32085.083984375,33550.0,2.0,392,0.05,1.6031640625,63.3,87.66,1323.8632732056585,3194.89892578125,33550.0,63.3
140,3.365824962615967,0.0,0.0,0.00028549663646838715,0.00028549663646838715,0.00028549663646838715,437.65945003863834,32085.083984375,33550.0,2.0,392,0.05,1.59673828125,63.47,87.74,1294.1501463897387,3194.89892578125,33550.0,63.47
141,3.3890719175338746,0.0,0.0,0.00027981089860335223,0.00027981089860335223,0.00027981089860335223,267.7876802579099,32085.083984375,33550.0,2.0,392,0.05,1.5902734375,63.79,87.8,1342.26039276352,3194.89892578125,33550.0,63.79
142,3.3832446212768557,0.0,0.0,0.00027419182585616055,0.00027419182585616055,0.00027419182585616055,438.8317006587389,32085.083984375,33550.0,2.0,392,0.05,1.5840625,63.81,87.96,1335.9713617039872,3194.89892578125,33550.0,63.81
143,3.3670802993774416,0.0,0.0,0.00026864080464893266,0.00026864080464893266,0.00026864080464893266,435.19931989481285,32085.083984375,33550.0,2.0,392,0.05,1.578125,63.94,87.96,1335.6049922149489,3194.89892578125,33550.0,63.94
144,3.3197442445755003,0.0,0.0,0.0002631592046130896,0.0002631592046130896,0.0002631592046130896,440.2566834145287,32085.083984375,33550.0,2.0,392,0.05,1.571796875,64.06,88.05,1306.996530259856,3194.89892578125,33550.0,64.06
145,3.2958685026168824,0.0,0.0,0.0002577483782514174,0.0002577483782514174,0.0002577483782514174,329.5320173074956,32085.083984375,33550.0,2.0,392,0.05,1.5655859375,64.11,88.0,1296.0599419812645,3194.89892578125,33550.0,64.11
146,3.3854450187683107,0.0,0.0,0.00025240966060435674,0.00025240966060435674,0.00025240966060435674,439.18124765063175,32085.083984375,33550.0,2.0,392,0.05,1.55970703125,64.25,88.16,1312.0115934129906,3194.89892578125,33550.0,64.25
147,3.3364757537841796,0.0,0.0,0.00024714436892060194,0.00024714436892060194,0.00024714436892060194,440.3930409276267,32085.083984375,33550.0,2.0,392,0.05,1.55337890625,64.43,88.11,1306.9223694835491,3194.89892578125,33550.0,64.43
148,3.3273389291763307,0.0,0.0,0.00024195380233209008,0.00024195380233209008,0.00024195380233209008,359.0119310156994,32085.083984375,33550.0,2.0,392,0.05,1.54751953125,64.48,88.11,1272.3622927665742,3194.89892578125,33550.0,64.48
149,3.369332586288452,0.0,0.0,0.00023683924153345857,0.00023683924153345857,0.00023683924153345857,282.5740874487971,32085.083984375,33550.0,2.0,392,0.05,1.5416015625,64.68,88.14,1309.8673991232395,3194.89892578125,33550.0,64.68
150,3.310568642616272,0.0,0.0,0.00023180194846605365,0.00023180194846605365,0.00023180194846605365,441.27482315804446,32085.083984375,33550.0,2.0,392,0.05,1.5360546875,64.73,88.21,1315.7102009807134,3194.89892578125,33550.0,64.73
151,3.3493842897415163,0.0,0.0,0.00022684316600656506,0.00022684316600656506,0.00022684316600656506,437.3117120629079,32085.083984375,33550.0,2.0,392,0.05,1.5310546875,64.9,88.3,1319.57658567537,3194.89892578125,33550.0,64.9
152,3.2991662101745605,0.0,0.0,0.0002219641176603649,0.0002219641176603649,0.0002219641176603649,438.12118056580823,32085.083984375,33550.0,2.0,392,0.05,1.52591796875,65.13,88.48,1330.746233728095,3194.89892578125,33550.0,65.13
153,3.329776086807251,0.0,0.0,0.0002171660072596256,0.0002171660072596256,0.0002171660072596256,439.71116739392846,32085.083984375,33550.0,2.0,392,0.05,1.52033203125,65.26,88.42,1325.8353516559728,3194.89892578125,33550.0,65.26
154,3.299073622703552,0.0,0.0,0.0002124500186662932,0.0002124500186662932,0.0002124500186662932,439.17872210219116,32085.083984375,33550.0,2.0,392,0.05,1.51431640625,65.37,88.54,1316.029190762835,3194.89892578125,33550.0,65.37
155,3.2542290420532227,0.0,0.0,0.00020781731547998608,0.00020781731547998608,0.00020781731547998608,439.86640767705177,32085.083984375,33550.0,2.0,392,0.05,1.50919921875,65.47,88.63,1311.7567387399836,3194.89892578125,33550.0,65.47
156,3.2637416734695432,0.0,0.0,0.00020326904075089488,0.00020326904075089488,0.00020326904075089488,439.7475678794382,32085.083984375,33550.0,2.0,392,0.05,1.5033984375,65.67,88.72,1326.0894177925095,3194.89892578125,33550.0,65.67
157,3.2450666742324827,0.0,0.0,0.00019880631669775168,0.00019880631669775168,0.00019880631669775168,440.6868805643429,32085.083984375,33550.0,2.0,392,0.05,1.49787109375,65.69,88.8,1305.6692226230987,3194.89892578125,33550.0,65.69
158,3.2647039575576784,0.0,0.0,0.00019443024443093932,0.00019443024443093932,0.00019443024443093932,439.6913326388657,32085.083984375,33550.0,2.0,392,0.05,1.493515625,66.01,88.81,1328.609519585988,3194.89892578125,33550.0,66.01
159,3.3256889276504515,0.0,0.0,0.00019014190368080923,0.00019014190368080923,0.00019014190368080923,440.05030537235746,32085.083984375,33550.0,2.0,392,0.05,1.489296875,66.19,88.91,1334.5299748420832,3194.89892578125,33550.0,66.19
160,3.2978781557083128,0.0,0.0,0.00018594235253127368,0.00018594235253127368,0.00018594235253127368,440.28255979429406,32085.083984375,33550.0,2.0,392,0.05,1.485078125,66.2,88.99,1321.4472610942012,3194.89892578125,33550.0,66.2
161,3.2302263650894165,0.0,0.0,0.00018183262715873954,0.00018183262715873954,0.00018183262715873954,438.81547191635343,32085.083984375,33550.0,2.0,392,0.05,1.48078125,66.25,89.1,1310.6882977267987,3194.89892578125,33550.0,66.25
162,3.3112088270187376,0.0,0.0,0.00017781374157644722,0.00017781374157644722,0.00017781374157644722,439.68096009264724,32085.083984375,33550.0,2.0,392,0.05,1.4762109375,66.38,89.17,1333.118049631369,3194.89892578125,33550.0,66.38
163,3.2723627853393555,0.0,0.0,0.00017388668738427848,0.00017388668738427848,0.00017388668738427848,439.0900841897667,32085.083984375,33550.0,2.0,392,0.05,1.47201171875,66.55,89.26,1335.7305953414022,3194.89892578125,33550.0,66.55
164,3.3116867933273317,0.0,0.0,0.00017005243352409332,0.00017005243352409332,0.00017005243352409332,440.5448993757463,32085.083984375,33550.0,2.0,392,0.05,1.4682421875,66.75,89.28,1329.672613249763,3194.89892578125,33550.0,66.75
165,3.2924736042022706,0.0,0.0,0.00016631192604065864,0.00016631192604065864,0.00016631192604065864,440.7817618760915,32085.083984375,33550.0,2.0,392,0.05,1.46421875,66.8,89.23,1284.2077713494477,3194.89892578125,33550.0,66.8
166,3.288282212257385,0.0,0.0,0.0001626660878482253,0.0001626660878482253,0.0001626660878482253,439.5727246938665,32085.083984375,33550.0,2.0,392,0.05,1.4605859375,67.01,89.35,1331.6904626377727,3194.89892578125,33550.0,67.01
167,3.239444525718689,0.0,0.0,0.0001591158185028139,0.0001591158185028139,0.0001591158185028139,440.4764530206156,32085.083984375,33550.0,2.0,392,0.05,1.45662109375,67.04,89.28,1334.9295310777652,3194.89892578125,33550.0,67.04
168,3.2893436765670776,0.0,0.0,0.0001556619939802614,0.0001556619939802614,0.0001556619939802614,440.26962307277415,32085.083984375,33550.0,2.0,392,0.05,1.45291015625,67.1,89.47,1336.64570541272,3194.89892578125,33550.0,67.1
169,3.200661183357239,0.0,0.0,0.00015230546646008794,0.00015230546646008794,0.00015230546646008794,439.3359381252018,32085.083984375,33550.0,2.0,392,0.05,1.449375,67.15,89.55,1335.9666808450215,3194.89892578125,33550.0,67.15
170,3.2875367431640625,0.0,0.0,0.0001490470641152345,0.0001490470641152345,0.0001490470641152345,439.7565188649244,32085.083984375,33550.0,2.0,392,0.05,1.44630859375,67.28,89.53,1336.9355514357437,3194.89892578125,33550.0,67.28
171,3.2167267599105833,0.0,0.0,0.00014588759090772302,0.00014588759090772302,0.00014588759090772302,439.98220830001503,32085.083984375,33550.0,2.0,392,0.05,1.44271484375,67.34,89.53,1325.6547853854404,3194.89892578125,33550.0,67.34
172,3.27179506111145,0.0,0.0,0.0001428278263902913,0.0001428278263902913,0.0001428278263902913,440.1213044218897,32085.083984375,33550.0,2.0,392,0.05,1.4396875,67.51,89.66,1323.3618274068751,3194.89892578125,33550.0,67.51
173,3.2356469678878783,0.0,0.0,0.00013986852551404973,0.00013986852551404973,0.00013986852551404973,439.74548118203046,32085.083984375,33550.0,2.0,392,0.05,1.43654296875,67.61,89.65,1304.799066486111,3194.89892578125,33550.0,67.61
174,3.1939628114700316,0.0,0.0,0.00013701041844220858,0.00013701041844220858,0.00013701041844220858,440.3522782950337,32085.083984375,33550.0,2.0,392,0.05,1.4332421875,67.62,89.67,1324.9231345990538,3194.89892578125,33550.0,67.62
175,3.2064917159080504,0.0,0.0,0.00013425421036992107,0.00013425421036992107,0.00013425421036992107,439.4103075923697,32085.083984375,33550.0,2.0,392,0.05,1.4299609375,67.59,89.65,1300.871710066699,3194.89892578125,33550.0,67.59
176,3.219790102005005,0.0,0.0,0.0001316005813502869,0.0001316005813502869,0.0001316005813502869,439.412914064089,32085.083984375,33550.0,2.0,392,0.05,1.426796875,67.68,89.73,1320.810164147736,3194.89892578125,33550.0,67.68
177,3.1780122261047365,0.0,0.0,0.0001290501861265597,0.0001290501861265597,0.0001290501861265597,440.87865081452304,32085.083984375,33550.0,2.0,392,0.05,1.4233984375,67.78,89.83,1281.2249993661542,3194.89892578125,33550.0,67.78
178,3.185340446472168,0.0,0.0,0.00012660365397059855,0.00012660365397059855,0.00012660365397059855,439.1303376148453,32085.083984375,33550.0,2.0,392,0.05,1.4196484375,67.84,89.8,1311.691758641316,3194.89892578125,33550.0,67.84
179,3.2257671613693235,0.0,0.0,0.00012426158852760463,0.00012426158852760463,0.00012426158852760463,440.29781660065987,32085.083984375,33550.0,2.0,392,0.05,1.4167578125,67.89,89.86,1340.7087212950423,3194.89892578125,33550.0,67.89
180,3.1621521453857424,0.0,0.0,0.00012202456766718092,0.00012202456766718092,0.00012202456766718092,439.62991847673993,32085.083984375,33550.0,2.0,392,0.05,1.4128515625,68.06,89.94,1346.4713819005308,3194.89892578125,33550.0,68.06
181,3.158374381065369,0.0,0.0,0.00011989314334075144,0.00011989314334075144,0.00011989314334075144,439.3972784594726,32085.083984375,33550.0,2.0,392,0.05,1.41041015625,68.07,89.87,1332.8893233229605,3194.89892578125,33550.0,68.07
182,3.2051257491111755,0.0,0.0,0.00011786784144537567,0.00011786784144537567,0.00011786784144537567,440.3087553786656,32085.083984375,33550.0,2.0,392,0.05,1.4078515625,68.15,89.91,1326.9814107618429,3194.89892578125,33550.0,68.15
183,3.2231744480133058,0.0,0.0,0.00011594916169399092,0.00011594916169399092,0.00011594916169399092,440.4649166137689,32085.083984375,33550.0,2.0,392,0.05,1.40544921875,68.17,89.94,1286.9436358929015,3194.89892578125,33550.0,68.17
184,3.1988936080932615,0.0,0.0,0.00011413757749211607,0.00011413757749211607,0.00011413757749211607,439.82030576197127,32085.083984375,33550.0,2.0,392,0.05,1.4030078125,68.33,89.83,1331.759595888203,3194.89892578125,33550.0,68.33
185,3.173392819404602,0.0,0.0,0.00011243353582104556,0.00011243353582104556,0.00011243353582104556,439.60512410698084,32085.083984375,33550.0,2.0,392,0.05,1.400078125,68.4,89.89,1318.7506142876177,3194.89892578125,33550.0,68.4
186,3.2050815086364746,0.0,0.0,0.0001108374571275637,0.0001108374571275637,0.0001108374571275637,440.49192866708046,32085.083984375,33550.0,2.0,392,0.05,1.3980078125,68.52,89.81,1311.0749735490883,3194.89892578125,33550.0,68.52
187,3.1828282432556154,0.0,0.0,0.00010934973522020537,0.00010934973522020537,0.00010934973522020537,438.57531141290366,32085.083984375,33550.0,2.0,392,0.05,1.395703125,68.55,89.85,1332.9627749294675,3194.89892578125,33550.0,68.55
188,3.227075480461121,0.0,0.0,0.00010797073717209008,0.00010797073717209008,0.00010797073717209008,440.60969558236565,32085.083984375,33550.0,2.0,392,0.05,1.3930078125,68.61,89.97,1315.4337334619483,3194.89892578125,33550.0,68.61
189,3.1640913333892824,0.0,0.0,0.00010670080323035177,0.00010670080323035177,0.00010670080323035177,440.7195518696671,32085.083984375,33550.0,2.0,392,0.05,1.3904296875,68.65,90.03,1307.1601128277277,3194.89892578125,33550.0,68.65
190,3.15084671497345,0.0,0.0,0.00010554024673218806,0.00010554024673218806,0.00010554024673218806,440.9684574447719,32085.083984375,33550.0,2.0,392,0.05,1.3879296875,68.72,90.01,1331.3828961249978,3194.89892578125,33550.0,68.72
191,3.183409374713898,0.0,0.0,0.00010448935402754912,0.00010448935402754912,0.00010448935402754912,440.2941495092305,32085.083984375,33550.0,2.0,392,0.05,1.3859375,68.74,89.99,1306.681293125691,3194.89892578125,33550.0,68.74
192,3.185422212123871,0.0,0.0,0.00010354838440848502,0.00010354838440848502,0.00010354838440848502,440.12821077961365,32085.083984375,33550.0,2.0,392,0.05,1.38375,68.7,90.06,1301.892234912251,3194.89892578125,33550.0,68.7
193,3.160665828704834,0.0,0.0,0.00010271757004516919,0.00010271757004516919,0.00010271757004516919,439.3286801889398,32085.083984375,33550.0,2.0,392,0.05,1.38216796875,68.74,90.05,1301.178256535721,3194.89892578125,33550.0,68.74
194,3.1329663453102112,0.0,0.0,0.000101997115928614,0.000101997115928614,0.000101997115928614,439.6067625410059,32085.083984375,33550.0,2.0,392,0.05,1.38001953125,68.84,90.02,1309.9439809985065,3194.89892578125,33550.0,68.84
195,3.131082413673401,0.0,0.0,0.00010138719982009242,0.00010138719982009242,0.00010138719982009242,439.31543778826216,32085.083984375,33550.0,2.0,392,0.05,1.37755859375,68.94,90.02,1312.0297336816477,3194.89892578125,33550.0,68.94
196,3.142814187049866,0.0,0.0,0.0001008879722072778,0.0001008879722072778,0.0001008879722072778,439.8797331383309,32085.083984375,33550.0,2.0,392,0.05,1.374921875,68.95,90.09,1295.3839094156806,3194.89892578125,33550.0,68.95
197,3.2294732179641725,0.0,0.0,0.00010049955626711355,0.00010049955626711355,0.00010049955626711355,440.5387424785851,32085.083984375,33550.0,2.0,392,0.05,1.37353515625,69.0,90.05,1323.3028317416833,3194.89892578125,33550.0,69.0
198,3.1611256217956543,0.0,0.0,0.00010022204783542078,0.00010022204783542078,0.00010022204783542078,439.88134963083354,32085.083984375,33550.0,2.0,392,0.05,1.372099609375,69.16,89.98,1342.948583717778,3194.89892578125,33550.0,69.16
199,3.146590500831604,0.0,0.0,0.00010005551538325273,0.00010005551538325273,0.00010005551538325273,440.1386857280602,32085.083984375,33550.0,2.0,392,0.05,1.370322265625,69.14,89.99,1316.8481173199632,3194.89892578125,33550.0,69.14
