epoch,train_loss,train_top1,train_top5,train_lr,train_lr_min,train_lr_max,train_throughput,train_mem_allocated_mb,train_mem_reserved_mb,train_effective_lambda,eval_loss,eval_top1,eval_top5,eval_throughput,eval_mem_allocated_mb,eval_mem_reserved_mb
0,6.9213107365828295,0.0,0.0,1e-06,1e-06,1e-06,3002.731276980467,18740.2314453125,19428.0,2.0,7.0458925,0.096,0.522,4845.609663252227,2219.42529296875,2350.0
1,6.668778144396269,0.0,0.0,0.0001008,0.0001008,0.0001008,3074.674793829206,18738.17529296875,19086.0,2.0,7.0166525,0.098,0.506,4784.72336013725,2218.48974609375,19086.0
2,6.419030391252958,0.0,0.0,0.0002006,0.0002006,0.0002006,3019.90803715145,18736.92578125,19086.0,2.0,6.9821475,0.162,0.72,4832.324836254935,2218.48974609375,19086.0
3,6.222119074601394,0.0,0.0,0.00030040000000000004,0.00030040000000000004,0.00030040000000000004,2958.8643126880493,18736.92578125,19086.0,2.0,6.95195625,0.224,0.93,4850.441116454998,2218.48974609375,19086.0
4,6.1671917255108175,0.0,0.0,0.0004002,0.0004002,0.0004002,2587.073806972616,18736.92578125,19086.0,2.0,6.92569375,0.272,1.17,4722.388812411151,2218.48974609375,19086.0
5,5.945965803586519,0.0,0.0,0.0004996642360148705,0.0004996642360148705,0.0004996642360148705,2752.8312722808714,18736.92578125,19086.0,2.0,6.89665125,0.362,1.406,2038.1296604927152,2218.48974609375,19086.0
6,5.765747803908128,0.0,0.0,0.0004995165484649266,0.0004995165484649266,0.0004995165484649266,3036.9156767904637,18736.92578125,19086.0,2.0,6.86037125,0.434,1.734,3351.137926083602,2218.48974609375,19086.0
7,5.624642262092004,0.0,0.0,0.0004993420469199923,0.0004993420469199923,0.0004993420469199923,2973.8375115957506,18736.92578125,19086.0,2.0,6.8116275,0.676,2.362,4822.909482367069,2218.48974609375,19086.0
8,5.315082183251014,0.0,0.0,0.0004991407505161285,0.0004991407505161285,0.0004991407505161285,3046.9721696306606,18736.92578125,19086.0,2.0,6.7623,0.854,2.978,4787.189141168381,2218.48974609375,19086.0
9,5.262360095977783,0.0,0.0,0.0004989126813277546,0.0004989126813277546,0.0004989126813277546,3052.204800352726,18736.92578125,19086.0,2.0,6.7232775,1.106,3.664,2584.53519579245,2218.48974609375,19086.0
10,5.076532198832585,0.0,0.0,0.000498657864365227,0.000498657864365227,0.000498657864365227,2620.1544686124066,18736.92578125,19086.0,2.0,6.69183125,1.326,4.092,2427.0190293201535,2218.48974609375,19086.0
11,5.052164151118352,0.0,0.0,0.0004983763275720971,0.0004983763275720971,0.0004983763275720971,3033.3940737878956,18736.92578125,19086.0,2.0,6.6538925,1.534,4.704,4822.770843231524,2218.48974609375,19086.0
12,5.041729596944956,0.0,0.0,0.000498068101822047,0.000498068101822047,0.000498068101822047,2642.7788128929033,18736.92578125,19086.0,2.0,6.59535875,1.864,5.7,4742.697566641039,2218.48974609375,19086.0
13,4.8559381778423605,0.0,0.0,0.0004977332209155036,0.0004977332209155036,0.0004977332209155036,2963.4706576955205,18736.92578125,19086.0,2.0,6.503935,2.488,7.244,4755.16916540971,2218.48974609375,19086.0
14,4.832882624406081,0.0,0.0,0.0004973717215759322,0.0004973717215759322,0.0004973717215759322,2942.0113212353353,18736.92578125,19086.0,2.0,6.370195,3.542,9.738,4857.553139910646,2218.48974609375,19086.0
15,4.646081429261428,0.0,0.0,0.0004969836434458088,0.0004969836434458088,0.0004969836434458088,3060.896767337599,18736.92578125,19086.0,2.0,6.19757,5.026,13.238,2867.9922604557614,2218.48974609375,19086.0
16,4.596902792270367,0.0,0.0,0.0004965690290822737,0.0004965690290822737,0.0004965690290822737,2731.0363210170917,18736.92578125,19086.0,2.0,5.99416,7.074,17.672,4607.023763116407,2218.48974609375,19086.0
17,4.46861980511592,0.0,0.0,0.0004961279239524642,0.0004961279239524642,0.0004961279239524642,3006.0226220502414,18736.92578125,19086.0,2.0,5.7721725,9.508,22.712,4707.259108941155,2218.48974609375,19086.0
18,4.4486818588696995,0.0,0.0,0.0004956603764285287,0.0004956603764285287,0.0004956603764285287,2665.974014411319,18736.92578125,19086.0,2.0,5.54123625,12.148,27.63,2853.3717579501667,2218.48974609375,19086.0
19,4.539035879648649,0.0,0.0,0.0004951664377823218,0.0004951664377823218,0.0004951664377823218,2823.09830441997,18736.92578125,19086.0,2.0,5.32232125,14.692,31.968,4573.814023139248,2218.48974609375,19086.0
20,4.44986237012423,0.0,0.0,0.0004946461621797824,0.0004946461621797824,0.0004946461621797824,3048.7755273933926,18736.92578125,19086.0,2.0,5.13501375,16.76,35.36,4773.479640843657,2218.48974609375,19086.0
21,4.40067720413208,0.0,0.0,0.0004940996066749931,0.0004940996066749931,0.0004940996066749931,3001.2303333003,18736.92578125,19086.0,2.0,4.994985,18.286,37.564,4708.314984321909,2218.48974609375,19086.0
22,4.322638484147879,0.0,0.0,0.0004935268312039243,0.0004935268312039243,0.0004935268312039243,2952.913298212341,18736.92578125,19086.0,2.0,4.91273375,19.01,38.298,4706.233806522776,2218.48974609375,19086.0
23,4.254029943392827,0.0,0.0,0.0004929278985778609,0.0004929278985778609,0.0004929278985778609,3058.909542638,18736.92578125,19086.0,2.0,4.87493,18.996,38.44,4735.790175937096,2218.48974609375,19086.0
24,4.267281137979948,0.0,0.0,0.0004923028744765145,0.0004923028744765145,0.0004923028744765145,3015.523046236612,18736.92578125,19086.0,2.0,4.87935,18.642,37.378,4726.846290786633,2218.48974609375,19086.0
25,4.29997456073761,0.0,0.0,0.0004916518274408217,0.0004916518274408217,0.0004916518274408217,2992.77091377122,18736.92578125,19086.0,2.0,4.9157575,17.67,35.766,4692.729604580595,2218.48974609375,19086.0
26,4.0537607211333055,0.0,0.0,0.0004909748288654262,0.0004909748288654262,0.0004909748288654262,2853.343372174699,18736.92578125,19086.0,2.0,4.9734675,16.548,33.876,2121.2153855155966,2218.48974609375,19086.0
27,4.105488006885235,0.0,0.0,0.0004902719529908511,0.0004902719529908511,0.0004902719529908511,2418.6936708155185,18736.92578125,19086.0,2.0,5.03641375,15.582,32.122,4712.457558373388,2218.48974609375,19086.0
28,4.157260958965008,0.0,0.0,0.0004895432768953564,0.0004895432768953564,0.0004895432768953564,3009.4218953251084,18736.92578125,19086.0,2.0,5.1018175,14.622,30.352,4801.046089746682,2218.48974609375,19086.0
29,4.129259861432589,0.0,0.0,0.0004887888804864878,0.0004887888804864878,0.0004887888804864878,3015.7953659626755,18736.92578125,19086.0,2.0,5.158995,13.942,28.868,4862.477899587765,2218.48974609375,19086.0
30,4.019009654338543,0.0,0.0,0.00048800884649231267,0.00048800884649231267,0.00048800884649231267,2956.8445944682303,18736.92578125,19086.0,2.0,5.21607875,13.376,27.598,4792.470228965209,2218.48974609375,19086.0
31,4.087842739545382,0.0,0.0,0.0004872032604523485,0.0004872032604523485,0.0004872032604523485,3051.1791841688687,18736.92578125,19086.0,2.0,5.2652325,12.924,26.62,4779.742326516932,2218.48974609375,19086.0
32,4.007628046549284,0.0,0.0,0.0004863722107081829,0.0004863722107081829,0.0004863722107081829,2498.9570605274434,18736.92578125,19086.0,2.0,5.31460625,12.514,25.65,4668.148939529971,2218.48974609375,19086.0
33,4.0548663689539985,0.0,0.0,0.00048551578839378526,0.00048551578839378526,0.00048551578839378526,2514.0401383763137,18736.92578125,19086.0,2.0,5.35087375,12.43,25.152,4834.7708299141395,2218.48974609375,19086.0
34,3.954046313579266,0.0,0.0,0.00048463408742551345,0.00048463408742551345,0.00048463408742551345,2959.377153828772,18736.92578125,19086.0,2.0,5.3954175,12.312,24.628,4770.633336316374,2218.48974609375,19086.0
35,3.863897910484901,0.0,0.0,0.0004837272044918144,0.0004837272044918144,0.0004837272044918144,3062.559062577068,18736.92578125,19086.0,2.0,5.473045,11.902,23.638,4801.096979159026,2218.48974609375,19086.0
36,3.858729362487793,0.0,0.0,0.0004827952390426216,0.0004827952390426216,0.0004827952390426216,3056.682426282344,18736.92578125,19086.0,2.0,5.55046,11.56,22.74,4792.595521823491,2218.48974609375,19086.0
37,3.931764245033264,0.0,0.0,0.00048183829327844873,0.00048183829327844873,0.00048183829327844873,2550.192247017556,18736.92578125,19086.0,2.0,5.6324375,11.094,21.838,4732.564387603728,2218.48974609375,19086.0
38,3.807983077489413,0.0,0.0,0.0004808564721391826,0.0004808564721391826,0.0004808564721391826,2959.2924345521196,18736.92578125,19086.0,2.0,5.6988825,10.948,21.156,4691.721012411197,2218.48974609375,19086.0
39,3.8133968114852905,0.0,0.0,0.0004798498832925754,0.0004798498832925754,0.0004798498832925754,2573.7336255925634,18736.92578125,19086.0,2.0,5.755485,10.698,20.664,1870.6818824532115,2218.48974609375,19086.0
40,3.8803723592024584,0.0,0.0,0.0004788186371224372,0.0004788186371224372,0.0004788186371224372,3039.622983631945,18736.92578125,19086.0,2.0,5.8081525,10.374,20.236,2700.6897141442782,2218.48974609375,19086.0
41,3.787031650543213,0.0,0.0,0.0004777628467165318,0.0004777628467165318,0.0004777628467165318,3046.881315651084,18736.92578125,19086.0,2.0,5.871065,9.888,19.656,2480.9383811750245,2218.48974609375,19086.0
42,3.774951146199153,0.0,0.0,0.0004766826278541748,0.0004766826278541748,0.0004766826278541748,2539.266546594816,18736.92578125,19086.0,2.0,5.95129875,9.236,18.658,4679.93067152874,2218.48974609375,19086.0
43,3.8032896243608914,0.0,0.0,0.0004755780989935374,0.0004755780989935374,0.0004755780989935374,3037.4174274324982,18736.92578125,19086.0,2.0,6.04560125,8.65,17.386,4690.607623838834,2218.48974609375,19086.0
44,3.861737012863159,0.0,0.0,0.00047444938125865615,0.00047444938125865615,0.00047444938125865615,2987.6912991182303,18736.92578125,19086.0,2.0,6.12964625,8.08,16.36,4765.782949569036,2218.48974609375,19086.0
45,3.6633284091949463,0.0,0.0,0.0004732965984261501,0.0004732965984261501,0.0004732965984261501,2489.889966482603,18736.92578125,19086.0,2.0,6.20177375,7.526,15.266,4635.992225184395,2218.48974609375,19086.0
46,3.8083899296247044,0.0,0.0,0.0004721198769116476,0.0004721198769116476,0.0004721198769116476,3060.6453502900044,18736.92578125,19086.0,2.0,6.24965625,7.146,14.606,4836.231406562652,2218.48974609375,19086.0
47,3.733681944700388,0.0,0.0,0.00047091934575592306,0.00047091934575592306,0.00047091934575592306,3054.6349640036674,18736.92578125,19086.0,2.0,6.27614875,6.916,14.176,4798.511887274216,2218.48974609375,19086.0
48,3.660172829261193,0.0,0.0,0.00046969513661074654,0.00046969513661074654,0.00046969513661074654,2998.3313945780883,18736.92578125,19086.0,2.0,6.3021575,6.65,13.646,4674.245736285778,2218.48974609375,19086.0
49,3.8049736389747033,0.0,0.0,0.0004684473837244464,0.0004684473837244464,0.0004684473837244464,2932.9624923576407,18736.92578125,19086.0,2.0,6.3087875,6.614,13.496,4767.481955354324,2218.48974609375,19086.0
50,3.6718733585797825,0.0,0.0,0.0004671762239271875,0.0004671762239271875,0.0004671762239271875,3063.158841742522,18736.92578125,19086.0,2.0,6.31256,6.6,13.422,4780.507846895876,2218.48974609375,19086.0
51,3.6504631500977736,0.0,0.0,0.0004658817966159662,0.0004658817966159662,0.0004658817966159662,3051.2478916590185,18736.92578125,19086.0,2.0,6.29802375,6.734,13.67,4783.401299695299,2218.48974609375,19086.0
52,3.5618722713910618,0.0,0.0,0.0004645642437393242,0.0004645642437393242,0.0004645642437393242,3017.366398547762,18736.92578125,19086.0,2.0,6.2700875,6.998,14.134,4808.22290048585,2218.48974609375,19086.0
53,3.643661141395569,0.0,0.0,0.0004632237097817817,0.0004632237097817817,0.0004632237097817817,2749.2719147798807,18736.92578125,19086.0,2.0,6.23384625,7.378,14.664,3546.651765382432,2218.48974609375,19086.0
54,3.5872858671041636,0.0,0.0,0.0004618603417479937,0.0004618603417479937,0.0004618603417479937,2344.227983878413,18736.92578125,19086.0,2.0,6.18771875,7.906,15.346,4580.050810200748,2218.48974609375,19086.0
55,3.5704034016682553,0.0,0.0,0.0004604742891466289,0.0004604742891466289,0.0004604742891466289,3040.05188836507,18736.92578125,19086.0,2.0,6.1275025,8.528,16.298,4727.7173099394195,2218.48974609375,19086.0
56,3.5877968347989597,0.0,0.0,0.00045906570397397437,0.00045906570397397437,0.00045906570397397437,3011.9590161047204,18736.92578125,19086.0,2.0,6.05897,9.298,17.492,4712.041120172988,2218.48974609375,19086.0
57,3.618629217147827,0.0,0.0,0.00045763474069726763,0.00045763474069726763,0.00045763474069726763,2955.4506344464844,18736.92578125,19086.0,2.0,5.9893,10.0,18.68,4761.448728680893,2218.48974609375,19086.0
58,3.5835932951707106,0.0,0.0,0.0004561815562377575,0.0004561815562377575,0.0004561815562377575,2838.746547473427,18736.92578125,19086.0,2.0,5.89697875,11.15,20.336,2926.1128706203785,2218.48974609375,19086.0
59,3.49415791951693,0.0,0.0,0.0004547063099534958,0.0004547063099534958,0.0004547063099534958,2745.8427618546734,18736.92578125,19086.0,2.0,5.785625,12.444,22.266,4785.83633867929,2218.48974609375,19086.0
60,3.5585308900246253,0.0,0.0,0.00045320916362186214,0.00045320916362186214,0.00045320916362186214,2776.450638635481,18736.92578125,19086.0,2.0,5.655745,13.938,24.286,2044.8654249912554,2218.48974609375,19086.0
61,3.535162164614751,0.0,0.0,0.0004516902814218231,0.0004516902814218231,0.0004516902814218231,2660.4667677380176,18736.92578125,19086.0,2.0,5.50815875,15.744,26.638,4811.73484448944,2218.48974609375,19086.0
62,3.6247672117673435,0.0,0.0,0.0004501498299159281,0.0004501498299159281,0.0004501498299159281,3060.224311626388,18736.92578125,19086.0,2.0,5.3293075,18.122,29.582,4771.943461233159,2218.48974609375,19086.0
63,3.5509626131791334,0.0,0.0,0.0004485879780320441,0.0004485879780320441,0.0004485879780320441,2981.7331200619033,18736.92578125,19086.0,2.0,5.1396775,20.518,32.604,1829.9388247012598,2218.48974609375,19086.0
64,3.4532381296157837,0.0,0.0,0.00044700489704483076,0.00044700489704483076,0.00044700489704483076,2716.879184538005,18736.92578125,19086.0,2.0,4.910445,23.434,36.22,4844.215253931089,2218.48974609375,19086.0
65,3.427548105900104,0.0,0.0,0.0004454007605569579,0.0004454007605569579,0.0004454007605569579,2968.7806175724572,18736.92578125,19086.0,2.0,4.655715,26.576,40.096,4953.353632029535,2218.48974609375,19086.0
66,3.5201172828674316,0.0,0.0,0.0004437757444800684,0.0004437757444800684,0.0004437757444800684,2511.255313332782,18736.92578125,19086.0,2.0,4.34254,30.408,44.998,2269.782461394713,2218.48974609375,19086.0
67,3.417696182544415,0.0,0.0,0.0004421300270154874,0.0004421300270154874,0.0004421300270154874,3056.5659724709826,18736.92578125,19086.0,2.0,4.00822875,34.488,49.91,4870.450302619532,2218.48974609375,19086.0
68,3.504081414296077,0.0,0.0,0.00044046378863468033,0.00044046378863468033,0.00044046378863468033,3024.3894200449613,18736.92578125,19086.0,2.0,3.66415,38.788,55.156,4932.7316605238575,2218.48974609375,19086.0
69,3.535108364545382,0.0,0.0,0.0004387772120594626,0.0004387772120594626,0.0004387772120594626,2492.1445822502615,18736.92578125,19086.0,2.0,3.314755,43.144,60.368,4833.950061008925,2218.48974609375,19086.0
70,3.483132848372826,0.0,0.0,0.00043707048224196166,0.00043707048224196166,0.00043707048224196166,3060.3113003904587,18736.92578125,19086.0,2.0,2.9739925,47.134,65.332,4860.200790771748,2218.48974609375,19086.0
71,3.5408922892350416,0.0,0.0,0.0004353437863443349,0.0004353437863443349,0.0004353437863443349,3032.3174094034403,18736.92578125,19086.0,2.0,2.6551775,51.066,69.894,3078.021785912579,2218.48974609375,19086.0
72,3.4617854265066295,0.0,0.0,0.00043359731371824586,0.00043359731371824586,0.00043359731371824586,2513.705420913196,18736.92578125,19086.0,2.0,2.369655,54.67,73.936,3362.388819336327,2218.48974609375,19086.0
73,3.4520845229809103,0.0,0.0,0.0004318312558840987,0.0004318312558840987,0.0004318312558840987,2966.5861619990615,18736.92578125,19086.0,2.0,2.132826875,57.608,77.468,4759.504378369922,2218.48974609375,19086.0
74,3.4327610639425425,0.0,0.0,0.00043004580651003686,0.00043004580651003686,0.00043004580651003686,3022.2565288647775,18736.92578125,19086.0,2.0,1.93642,60.31,80.154,4804.175100567097,2218.48974609375,19086.0
75,3.3268627386826735,0.0,0.0,0.0004282411613907041,0.0004282411613907041,0.0004282411613907041,3020.3049100188837,18736.92578125,19086.0,2.0,1.78611375,62.448,82.262,4745.6302520894305,2218.48974609375,19086.0
76,3.4022264939088087,0.0,0.0,0.0004264175184257746,0.0004264175184257746,0.0004264175184257746,3038.2114502024306,18736.92578125,19086.0,2.0,1.6692675,64.298,83.924,3344.179308499677,2218.48974609375,19086.0
77,3.4258838341786313,0.0,0.0,0.00042457507759824966,0.00042457507759824966,0.00042457507759824966,2982.79667154919,18736.92578125,19086.0,2.0,1.581806875,65.764,85.184,4843.076302321294,2218.48974609375,19086.0
78,3.3859725365271935,0.0,0.0,0.0004227140409525287,0.0004227140409525287,0.0004227140409525287,3056.855087983189,18736.92578125,19086.0,2.0,1.51233375,67.012,86.198,3269.134594499092,2218.48974609375,19086.0
79,3.385979175567627,0.0,0.0,0.0004208346125722519,0.0004208346125722519,0.0004208346125722519,3041.6405151190065,18736.92578125,19086.0,2.0,1.4500125,68.244,87.062,2500.0048577879884,2218.48974609375,19086.0
80,3.3252678651076097,0.0,0.0,0.0004189369985579203,0.0004189369985579203,0.0004189369985579203,3033.796882216802,18736.92578125,19086.0,2.0,1.396089375,69.18,87.99,2508.5298185999086,2218.48974609375,19086.0
81,3.398325663346511,0.0,0.0,0.0004170214070042947,0.0004170214070042947,0.0004170214070042947,3000.860704221918,18736.92578125,19086.0,2.0,1.3456175,70.152,88.74,4768.1347076631355,2218.48974609375,19086.0
82,3.409703172170199,0.0,0.0,0.0004150880479775759,0.0004150880479775759,0.0004150880479775759,3054.589371812519,18736.92578125,19086.0,2.0,1.300886875,71.0,89.424,4851.7965707942185,2218.48974609375,19086.0
83,3.4258469893382144,0.0,0.0,0.00041313713349236793,0.00041313713349236793,0.00041313713349236793,3055.7152374027523,18736.92578125,19086.0,2.0,1.26124,71.91,90.068,4898.057029991453,2218.48974609375,19086.0
84,3.3881783943909864,0.0,0.0,0.000411168877488429,0.000411168877488429,0.000411168877488429,2995.222642637762,18736.92578125,19086.0,2.0,1.22710875,72.586,90.544,4830.671105494394,2218.48974609375,19086.0
85,3.361223294184758,0.0,0.0,0.0004091834958072102,0.0004091834958072102,0.0004091834958072102,2958.2720704335184,18736.92578125,19086.0,2.0,1.197075625,73.198,90.978,4794.694603405642,2218.48974609375,19086.0
86,3.362887694285466,0.0,0.0,0.0004071812061681861,0.0004071812061681861,0.0004071812061681861,3048.564109209873,18736.92578125,19086.0,2.0,1.170079375,73.732,91.36,4795.402527828583,2218.48974609375,19086.0
87,3.350319348848783,0.0,0.0,0.0004051622281449793,0.0004051622281449793,0.0004051622281449793,3054.297222669449,18736.92578125,19086.0,2.0,1.146581875,74.224,91.748,4836.805175084846,2218.48974609375,19086.0
88,3.311909189591041,0.0,0.0,0.00040312678314128193,0.00040312678314128193,0.00040312678314128193,3020.2927097370016,18736.92578125,19086.0,2.0,1.1260775,74.56,92.14,4841.287570960872,2218.48974609375,19086.0
89,3.3999310548488912,0.0,0.0,0.0004010750943665759,0.0004010750943665759,0.0004010750943665759,2949.99966428667,18736.92578125,19086.0,2.0,1.10760375,74.958,92.336,4821.706471141672,2218.48974609375,19086.0
90,3.3730605382185717,0.0,0.0,0.00039900738681165594,0.00039900738681165594,0.00039900738681165594,2591.6774647780194,18736.92578125,19086.0,2.0,1.0912375,75.278,92.572,4696.339604093451,2218.48974609375,19086.0
91,3.294295907020569,0.0,0.0,0.0003969238872239563,0.0003969238872239563,0.0003969238872239563,2498.552441421622,18736.92578125,19086.0,2.0,1.076969375,75.646,92.784,4830.259880010024,2218.48974609375,19086.0
92,3.270920359171354,0.0,0.0,0.0003948248240826858,0.0003948248240826858,0.0003948248240826858,3023.0368507000303,18736.92578125,19086.0,2.0,1.063891875,75.94,92.954,2855.9246199491963,2218.48974609375,19086.0
93,3.223801172696627,0.0,0.0,0.00039271042757377207,0.00039271042757377207,0.00039271042757377207,2994.178536334033,18736.92578125,19086.0,2.0,1.0516059375,76.274,93.122,4822.074551687065,2218.48974609375,19086.0
94,3.2654975102497983,0.0,0.0,0.0003905809295646193,0.0003905809295646193,0.0003905809295646193,2497.406522130345,18736.92578125,19086.0,2.0,1.0398634375,76.53,93.262,4836.466184574124,2218.48974609375,19086.0
95,3.3405320094181943,0.0,0.0,0.00038843656357868164,0.00038843656357868164,0.00038843656357868164,2763.405693869511,18736.92578125,19086.0,2.0,1.0287378125,76.7,93.366,2168.2066917733077,2218.48974609375,19086.0
96,3.2875143381265493,0.0,0.0,0.0003862775647698542,0.0003862775647698542,0.0003862775647698542,2724.6488716260424,18736.92578125,19086.0,2.0,1.0176290625,76.906,93.46,4688.802455529194,2218.48974609375,19086.0
97,3.225291582254263,0.0,0.0,0.00038410416989668604,0.00038410416989668604,0.00038410416989668604,3034.7148175860802,18736.92578125,19086.0,2.0,1.0074471875,77.024,93.558,2885.286741150465,2218.48974609375,19086.0
98,3.267823916215163,0.0,0.0,0.00038191661729641694,0.00038191661729641694,0.00038191661729641694,3017.3556961888958,18736.92578125,19086.0,2.0,0.99860625,77.172,93.656,4795.985952370095,2218.48974609375,19086.0
99,3.2382906767038198,0.0,0.0,0.000379715146858841,0.000379715146858841,0.000379715146858841,2457.345101755119,18736.92578125,19086.0,2.0,0.990595,77.358,93.748,4814.325033834998,2218.48974609375,19086.0
100,3.2833202527119565,0.0,0.0,0.0003775,0.0003775,0.0003775,2606.3478956578474,18736.92578125,19086.0,2.0,0.983171875,77.486,93.812,4778.191118439924,2218.48974609375,19086.0
101,3.216865686269907,0.0,0.0,0.00037527141963570953,0.00037527141963570953,0.00037527141963570953,3054.381980467501,18736.92578125,19086.0,2.0,0.976460625,77.59,93.838,4787.900862887517,2218.48974609375,19086.0
102,3.2108068741284885,0.0,0.0,0.0003730296501549202,0.0003730296501549202,0.0003730296501549202,2764.278860683841,18736.92578125,19086.0,2.0,0.970513125,77.678,93.866,1907.4019731930218,2218.48974609375,19086.0
103,3.2574560275444617,0.0,0.0,0.00037077493739291826,0.00037077493739291826,0.00037077493739291826,2760.6781485445977,18736.92578125,19086.0,2.0,0.96509625,77.804,93.906,4735.307802277814,2218.48974609375,19086.0
104,3.18009470976316,0.0,0.0,0.0003685075286043662,0.0003685075286043662,0.0003685075286043662,2952.4776652218707,18736.92578125,19086.0,2.0,0.960138125,77.926,93.968,4670.168586433745,2218.48974609375,19086.0
105,3.3181487780350905,0.0,0.0,0.000366227672436189,0.000366227672436189,0.000366227672436189,3023.9877850031958,18736.92578125,19086.0,2.0,0.955428125,78.008,94.014,4770.057148284846,2218.48974609375,19086.0
106,3.2129713113491354,0.0,0.0,0.0003639356189003072,0.0003639356189003072,0.0003639356189003072,3029.2264184154456,18736.92578125,19086.0,2.0,0.95099625,78.12,94.038,4804.076053572401,2218.48974609375,19086.0
107,3.12908136844635,0.0,0.0,0.00036163161934622026,0.00036163161934622026,0.00036163161934622026,3010.3076358358826,18736.92578125,19086.0,2.0,0.9469746875,78.186,94.09,4829.238683676728,2218.48974609375,19086.0
108,3.2228476175895104,0.0,0.0,0.00035931592643344284,0.00035931592643344284,0.00035931592643344284,2973.5468828940507,18736.92578125,19086.0,2.0,0.9432978125,78.306,94.148,4760.5717211572255,2218.48974609375,19086.0
109,3.214368407542889,0.0,0.0,0.0003569887941037983,0.0003569887941037983,0.0003569887941037983,3040.9692985518273,18736.92578125,19086.0,2.0,0.94001,78.394,94.188,4840.779556928346,2218.48974609375,19086.0
110,3.2018818946985097,0.0,0.0,0.00035465047755357104,0.00035465047755357104,0.00035465047755357104,3025.9207854999195,18736.92578125,19086.0,2.0,0.9368853125,78.47,94.226,4663.779439725209,2218.48974609375,19086.0
111,3.132284081899203,0.0,0.0,0.00035230123320552126,0.00035230123320552126,0.00035230123320552126,2986.582657435859,18736.92578125,19086.0,2.0,0.9338621875,78.554,94.258,4728.283420678863,2218.48974609375,19086.0
112,3.1182004580130944,0.0,0.0,0.00034994131868076525,0.00034994131868076525,0.00034994131868076525,2919.2559637166046,18736.92578125,19086.0,2.0,0.9308828125,78.634,94.334,4790.239164080022,2218.48974609375,19086.0
113,3.15920903132512,0.0,0.0,0.0003475709927705245,0.0003475709927705245,0.0003475709927705245,3015.6649183198433,18736.92578125,19086.0,2.0,0.9281665625,78.656,94.378,4782.366446703637,2218.48974609375,19086.0
114,3.1652029294234056,0.0,0.0,0.00034519051540774615,0.00034519051540774615,0.00034519051540774615,3044.4911077097768,18736.92578125,19086.0,2.0,0.9259175,78.716,94.398,4827.386483326133,2218.48974609375,19086.0
115,3.12144672870636,0.0,0.0,0.00034280014763859854,0.00034280014763859854,0.00034280014763859854,2996.3981404993,18736.92578125,19086.0,2.0,0.9237328125,78.786,94.458,4367.947471126096,2218.48974609375,19086.0
116,3.1695996522903442,0.0,0.0,0.00034040015159384477,0.00034040015159384477,0.00034040015159384477,2925.6182518569335,18736.92578125,19086.0,2.0,0.9217671875,78.894,94.482,4689.341458908716,2218.48974609375,19086.0
117,3.0761409172644982,0.0,0.0,0.00033799079046009645,0.00033799079046009645,0.00033799079046009645,3023.2497407869164,18736.92578125,19086.0,2.0,0.9198953125,78.964,94.512,4187.1540158026155,2218.48974609375,19086.0
118,3.13679838180542,0.0,0.0,0.0003355723284509529,0.0003355723284509529,0.0003355723284509529,3040.2551689009165,18736.92578125,19086.0,2.0,0.918069375,78.99,94.544,4739.757684173532,2218.48974609375,19086.0
119,3.1948254933724036,0.0,0.0,0.0003331450307780272,0.0003331450307780272,0.0003331450307780272,2990.2494741121873,18736.92578125,19086.0,2.0,0.9162821875,79.044,94.56,4765.5043034475,2218.48974609375,19086.0
120,3.153810794536884,0.0,0.0,0.00033070916362186215,0.00033070916362186215,0.00033070916362186215,2943.941381708375,18736.92578125,19086.0,2.0,0.91428,79.096,94.59,4767.696556949543,2218.48974609375,19086.0
121,3.050694089669448,0.0,0.0,0.00032826499410274125,0.00032826499410274125,0.00032826499410274125,3017.888393351892,18736.92578125,19086.0,2.0,0.9124784375,79.148,94.586,4832.786194968072,2218.48974609375,19086.0
122,3.1225588963581967,0.0,0.0,0.00032581279025139555,0.00032581279025139555,0.00032581279025139555,3040.985554458003,18736.92578125,19086.0,2.0,0.9107759375,79.214,94.614,4625.119854039415,2218.48974609375,19086.0
123,3.120047844373263,0.0,0.0,0.00032335282097961123,0.00032335282097961123,0.00032335282097961123,2998.973080115101,18736.92578125,19086.0,2.0,0.908865625,79.232,94.634,3207.599351821287,2218.48974609375,19086.0
124,3.1023843655219445,0.0,0.0,0.0003208853560507401,0.0003208853560507401,0.0003208853560507401,2916.483956954234,18736.92578125,19086.0,2.0,0.9072325,79.296,94.658,4653.841325543408,2218.48974609375,19086.0
125,3.0798337367864757,0.0,0.0,0.00031841066605011766,0.00031841066605011766,0.00031841066605011766,2978.704660230622,18736.92578125,19086.0,2.0,0.9058315625,79.336,94.664,4721.868445490971,2218.48974609375,19086.0
126,3.1377027860054603,0.0,0.0,0.0003159290223553894,0.0003159290223553894,0.0003159290223553894,3012.5862011993486,18736.92578125,19086.0,2.0,0.9045665625,79.404,94.65,4856.5417403171405,2218.48974609375,19086.0
127,3.123259654411903,0.0,0.0,0.0003134406971067523,0.0003134406971067523,0.0003134406971067523,2986.952372271793,18736.92578125,19086.0,2.0,0.9035121875,79.414,94.694,4837.622561811374,2218.48974609375,19086.0
128,3.158982808773334,0.0,0.0,0.0003109459631771107,0.0003109459631771107,0.0003109459631771107,2953.2469691474084,18736.92578125,19086.0,2.0,0.9023715625,79.442,94.716,4617.196336875819,2218.48974609375,19086.0
129,3.104896251971905,0.0,0.0,0.00030844509414215297,0.00030844509414215297,0.00030844509414215297,3001.269541801605,18736.92578125,19086.0,2.0,0.901043125,79.48,94.746,4773.850392408466,2218.48974609375,19086.0
130,3.1020456644204946,0.0,0.0,0.0003059383642503511,0.0003059383642503511,0.0003059383642503511,3058.8180015029047,18736.92578125,19086.0,2.0,0.900105625,79.478,94.768,4701.697039401042,2218.48974609375,19086.0
131,3.1439907275713406,0.0,0.0,0.00030342604839288587,0.00030342604839288587,0.00030342604839288587,2947.606502849487,18736.92578125,19086.0,2.0,0.8990396875,79.488,94.806,4494.858464658206,2218.48974609375,19086.0
132,3.0807898227985087,0.0,0.0,0.00030090842207350257,0.00030090842207350257,0.00030090842207350257,2947.4786034519957,18736.92578125,19086.0,2.0,0.898186875,79.51,94.83,4028.008011486424,2218.48974609375,19086.0
133,3.099277679736798,0.0,0.0,0.00029838576137829794,0.00029838576137829794,0.00029838576137829794,3028.7261851983776,18736.92578125,19086.0,2.0,0.89753625,79.544,94.808,4448.64910661606,2218.48974609375,19086.0
134,3.067862529021043,0.0,0.0,0.00029585834294544507,0.00029585834294544507,0.00029585834294544507,3036.238146776445,18736.92578125,19086.0,2.0,0.896884375,79.554,94.826,4781.879009079507,2218.48974609375,19086.0
135,3.0850567450890174,0.0,0.0,0.0002933264439348566,0.0002933264439348566,0.0002933264439348566,2944.64347959845,18736.92578125,19086.0,2.0,0.896076875,79.59,94.838,4742.880552166072,2218.48974609375,19086.0
136,3.0676458248725305,0.0,0.0,0.0002907903419977909,0.0002907903419977909,0.0002907903419977909,3027.328971648063,18736.92578125,19086.0,2.0,0.8952975,79.622,94.868,1454.8137762446866,2218.48974609375,19086.0
137,3.061755822255061,0.0,0.0,0.0002882503152464046,0.0002882503152464046,0.0002882503152464046,2986.443714279676,18736.92578125,19086.0,2.0,0.894611875,79.682,94.886,4758.427580960354,2218.48974609375,19086.0
138,3.0354024722025943,0.0,0.0,0.00028570664222325455,0.00028570664222325455,0.00028570664222325455,3026.1283860512704,18736.92578125,19086.0,2.0,0.8939796875,79.724,94.88,4787.1294763264505,2218.48974609375,19086.0
139,3.00810235280257,0.0,0.0,0.00028315960187075235,0.00028315960187075235,0.00028315960187075235,2969.1856857984635,18736.92578125,19086.0,2.0,0.893343125,79.774,94.896,4154.536609393422,2218.48974609375,19086.0
140,3.0794456830391517,0.0,0.0,0.0002806094735005752,0.0002806094735005752,0.0002806094735005752,3023.452323531697,18736.92578125,19086.0,2.0,0.892874375,79.814,94.892,2968.92464792479,2218.48974609375,19086.0
141,3.1149703906132626,0.0,0.0,0.0002780565367630361,0.0002780565367630361,0.0002780565367630361,2951.076258667889,18736.92578125,19086.0,2.0,0.8921953125,79.836,94.884,4744.646777034642,2218.48974609375,19086.0
142,3.0588198625124416,0.0,0.0,0.0002755010716164173,0.0002755010716164173,0.0002755010716164173,3058.388109914102,18736.92578125,19086.0,2.0,0.8915578125,79.876,94.87,4810.806770941126,2218.48974609375,19086.0
143,3.056506092731769,0.0,0.0,0.00027294335829626976,0.00027294335829626976,0.00027294335829626976,2992.303636220387,18736.92578125,19086.0,2.0,0.891313125,79.914,94.878,3336.8205911427854,2218.48974609375,19086.0
144,3.008101857625521,0.0,0.0,0.0002703836772846818,0.0002703836772846818,0.0002703836772846818,3035.2210518605293,18736.92578125,19086.0,2.0,0.890626875,79.944,94.876,4262.332098999665,2218.48974609375,19086.0
145,2.9987417551187368,0.0,0.0,0.0002678223092795213,0.0002678223092795213,0.0002678223092795213,2923.5691545280097,18736.92578125,19086.0,2.0,0.8902659375,79.956,94.902,4812.693648400173,2218.48974609375,19086.0
146,3.0263525430972757,0.0,0.0,0.00026525953516365395,0.00026525953516365395,0.00026525953516365395,3041.8433951072,18736.92578125,19086.0,2.0,0.889714375,79.974,94.894,4694.653398960294,2218.48974609375,19086.0
147,3.018643617630005,0.0,0.0,0.00026269563597414137,0.00026269563597414137,0.00026269563597414137,3028.2380471082747,18736.92578125,19086.0,2.0,0.889449375,79.99,94.91,4820.058891012646,2218.48974609375,19086.0
148,3.0119596077845645,0.0,0.0,0.0002601308928714225,0.0002601308928714225,0.0002601308928714225,2998.2384741824344,18736.92578125,19086.0,2.0,0.8890325,80.042,94.918,4715.021655939027,2218.48974609375,19086.0
149,3.0510503970659695,0.0,0.0,0.00025756558710848023,0.00025756558710848023,0.00025756558710848023,2959.1359162360363,18736.92578125,19086.0,2.0,0.888841875,80.044,94.942,4623.216024294176,2218.48974609375,19086.0
150,2.967693640635564,0.0,0.0,0.000255,0.000255,0.000255,3024.8690073793837,18736.92578125,19086.0,2.0,0.888745,80.06,94.964,4853.2609397463075,2218.48974609375,19086.0
151,2.9687363551213193,0.0,0.0,0.0002524344128915198,0.0002524344128915198,0.0002524344128915198,3032.0383507177808,18736.92578125,19086.0,2.0,0.8886878125,80.074,94.962,4618.2428025157005,2218.48974609375,19086.0
152,2.9388532638549805,0.0,0.0,0.0002498691071285776,0.0002498691071285776,0.0002498691071285776,2993.2144338860467,18736.92578125,19086.0,2.0,0.888470625,80.066,94.964,4723.801952029923,2218.48974609375,19086.0
153,2.9498491287231445,0.0,0.0,0.00024730436402585856,0.00024730436402585856,0.00024730436402585856,2951.1722487189527,18736.92578125,19086.0,2.0,0.888361875,80.092,94.968,4791.480273429525,2218.48974609375,19086.0
154,3.1025749536661,0.0,0.0,0.0002447404648363461,0.0002447404648363461,0.0002447404648363461,3010.4486886783197,18736.92578125,19086.0,2.0,0.888455,80.082,94.966,4611.435553262343,2218.48974609375,19086.0
155,2.9796451972081113,0.0,0.0,0.00024217769072047875,0.00024217769072047875,0.00024217769072047875,3021.153818596441,18736.92578125,19086.0,2.0,0.8885075,80.068,94.972,4759.461171818779,2218.48974609375,19086.0
156,2.9524097442626953,0.0,0.0,0.00023961632271531829,0.00023961632271531829,0.00023961632271531829,2972.6313186803245,18736.92578125,19086.0,2.0,0.8886459375,80.08,94.954,4736.340357974076,2218.48974609375,19086.0
157,2.983788389426011,0.0,0.0,0.00023705664170373028,0.00023705664170373028,0.00023705664170373028,2957.3940150772423,18736.92578125,19086.0,2.0,0.8888490625,80.108,94.954,4786.7178731513095,2218.48974609375,19086.0
158,2.9012415959284854,0.0,0.0,0.0002344989283835827,0.0002344989283835827,0.0002344989283835827,3024.7882703702367,18736.92578125,19086.0,2.0,0.88878125,80.138,94.946,4796.442482358056,2218.48974609375,19086.0
159,2.9318779156758237,0.0,0.0,0.00023194346323696398,0.00023194346323696398,0.00023194346323696398,3042.923861533138,18736.92578125,19086.0,2.0,0.888906875,80.154,94.966,4183.4941857036765,2218.48974609375,19086.0
160,2.9008408326369066,0.0,0.0,0.00022939052649942492,0.00022939052649942492,0.00022939052649942492,2946.2578667415983,18736.92578125,19086.0,2.0,0.8890978125,80.174,94.978,4727.582917191916,2218.48974609375,19086.0
161,2.953641726420476,0.0,0.0,0.0002268403981292477,0.0002268403981292477,0.0002268403981292477,2952.3031725635105,18736.92578125,19086.0,2.0,0.889270625,80.2,94.996,4815.393004487336,2218.48974609375,19086.0
162,2.907000780105591,0.0,0.0,0.0002242933577767455,0.0002242933577767455,0.0002242933577767455,3031.9390350509298,18736.92578125,19086.0,2.0,0.8893315625,80.216,94.972,4793.391788360737,2218.48974609375,19086.0
163,2.9165475093401394,0.0,0.0,0.00022174968475359544,0.00022174968475359544,0.00022174968475359544,3035.7190267119986,18736.92578125,19086.0,2.0,0.889470625,80.236,95.004,4755.056711108297,2218.48974609375,19086.0
164,2.9047445242221537,0.0,0.0,0.00021920965800220922,0.00021920965800220922,0.00021920965800220922,2925.7758758137475,18736.92578125,19086.0,2.0,0.88962625,80.298,94.996,4603.281333194521,2218.48974609375,19086.0
165,3.0272784324792714,0.0,0.0,0.0002166735560651435,0.0002166735560651435,0.0002166735560651435,2945.5831530893743,18736.92578125,19086.0,2.0,0.889800625,80.33,94.978,4812.729543331461,2218.48974609375,19086.0
166,2.9701230984467726,0.0,0.0,0.0002141416570545549,0.0002141416570545549,0.0002141416570545549,3028.290458042465,18736.92578125,19086.0,2.0,0.8901665625,80.314,94.972,4791.668356500334,2218.48974609375,19086.0
167,2.903808777148907,0.0,0.0,0.0002116142386217021,0.0002116142386217021,0.0002116142386217021,3038.8842616001793,18736.92578125,19086.0,2.0,0.8905259375,80.328,94.978,4730.0716473846205,2218.48974609375,19086.0
168,2.8943032851585975,0.0,0.0,0.00020909157792649746,0.00020909157792649746,0.00020909157792649746,2982.4362322930056,18736.92578125,19086.0,2.0,0.890889375,80.342,94.976,4658.853570560276,2218.48974609375,19086.0
169,2.88322546848884,0.0,0.0,0.0002065739516071141,0.0002065739516071141,0.0002065739516071141,2968.78888992852,18736.92578125,19086.0,2.0,0.891275625,80.344,94.982,4377.312611686957,2218.48974609375,19086.0
170,2.954854653431819,0.0,0.0,0.00020406163574964895,0.00020406163574964895,0.00020406163574964895,3040.6701795957715,18736.92578125,19086.0,2.0,0.891711875,80.334,94.986,4696.706989277413,2218.48974609375,19086.0
171,2.9083471848414493,0.0,0.0,0.00020155490585784707,0.00020155490585784707,0.00020155490585784707,3058.7804145759314,18736.92578125,19086.0,2.0,0.891835625,80.358,94.978,3942.52222973948,2218.48974609375,19086.0
172,2.9251495141249437,0.0,0.0,0.00019905403682288938,0.00019905403682288938,0.00019905403682288938,2996.651105949585,18736.92578125,19086.0,2.0,0.89212,80.356,94.966,4778.870546475853,2218.48974609375,19086.0
173,2.9633950728636522,0.0,0.0,0.00019655930289324771,0.00019655930289324771,0.00019655930289324771,2928.4417145758885,18736.92578125,19086.0,2.0,0.89252625,80.356,94.976,4810.68262079564,2218.48974609375,19086.0
174,2.8788165679344764,0.0,0.0,0.0001940709776446106,0.0001940709776446106,0.0001940709776446106,3016.0460862403725,18736.92578125,19086.0,2.0,0.8930890625,80.374,94.976,4179.803092726466,2218.48974609375,19086.0
175,2.9206554889678955,0.0,0.0,0.00019158933394988243,0.00019158933394988243,0.00019158933394988243,3057.9423763928257,18736.92578125,19086.0,2.0,0.8935346875,80.384,94.98,4791.975583306479,2218.48974609375,19086.0
176,2.92259105352255,0.0,0.0,0.00018911464394925996,0.00018911464394925996,0.00018911464394925996,3021.234397375104,18736.92578125,19086.0,2.0,0.89397625,80.428,94.976,4772.636645339511,2218.48974609375,19086.0
177,2.810033156321599,0.0,0.0,0.00018664717902038878,0.00018664717902038878,0.00018664717902038878,2953.405415475152,18736.92578125,19086.0,2.0,0.8944540625,80.418,94.958,4766.891358804706,2218.48974609375,19086.0
178,2.8657201253450832,0.0,0.0,0.0001841872097486044,0.0001841872097486044,0.0001841872097486044,3035.1745456919116,18736.92578125,19086.0,2.0,0.8949325,80.44,94.95,4717.288554206366,2218.48974609375,19086.0
179,2.807785841134878,0.0,0.0,0.0001817350058972588,0.0001817350058972588,0.0001817350058972588,3044.32753637926,18736.92578125,19086.0,2.0,0.895443125,80.442,94.95,4460.2152539109875,2218.48974609375,19086.0
180,2.7882192593354445,0.0,0.0,0.0001792908363781379,0.0001792908363781379,0.0001792908363781379,3009.6149182414615,18736.92578125,19086.0,2.0,0.89601625,80.434,94.948,3303.8871771379513,2218.48974609375,19086.0
181,2.881272004200862,0.0,0.0,0.00017685496922197286,0.00017685496922197286,0.00017685496922197286,2957.6524884527166,18736.92578125,19086.0,2.0,0.8966809375,80.426,94.922,4766.017652713489,2218.48974609375,19086.0
182,2.8412103194456835,0.0,0.0,0.0001744276715490471,0.0001744276715490471,0.0001744276715490471,3033.9636581979325,18736.92578125,19086.0,2.0,0.8973075,80.42,94.918,4774.42880160187,2218.48974609375,19086.0
183,2.755431138552152,0.0,0.0,0.00017200920953990362,0.00017200920953990362,0.00017200920953990362,3043.1447102070974,18736.92578125,19086.0,2.0,0.898095,80.412,94.926,4783.952233110001,2218.48974609375,19086.0
184,2.7768030625123243,0.0,0.0,0.00016959984840615532,0.00016959984840615532,0.00016959984840615532,3053.524084010987,18736.92578125,19086.0,2.0,0.8988071875,80.402,94.912,3635.1917356187887,2218.48974609375,19086.0
185,2.798748410665072,0.0,0.0,0.0001671998523614015,0.0001671998523614015,0.0001671998523614015,2951.737865822905,18736.92578125,19086.0,2.0,0.899601875,80.372,94.92,3277.8285723627932,2218.48974609375,19086.0
186,2.8107185638867893,0.0,0.0,0.00016480948459225397,0.00016480948459225397,0.00016480948459225397,3052.0074322464807,18736.92578125,19086.0,2.0,0.900404375,80.4,94.912,4801.384530103301,2218.48974609375,19086.0
187,2.7255456814399133,0.0,0.0,0.00016242900722947552,0.00016242900722947552,0.00016242900722947552,3045.8650611104995,18736.92578125,19086.0,2.0,0.90116875,80.372,94.918,4728.020014690745,2218.48974609375,19086.0
188,2.6785564239208517,0.0,0.0,0.00016005868131923479,0.00016005868131923479,0.00016005868131923479,3072.950005995908,18736.92578125,19086.0,2.0,0.9020828125,80.354,94.928,4724.132675387665,2218.48974609375,19086.0
189,2.731312183233408,0.0,0.0,0.00015769876679447872,0.00015769876679447872,0.00015769876679447872,2965.109865876776,18736.92578125,19086.0,2.0,0.903004375,80.382,94.93,3266.083418944356,2218.48974609375,19086.0
190,2.714618655351492,0.0,0.0,0.00015534952244642894,0.00015534952244642894,0.00015534952244642894,2987.9473493247156,18736.92578125,19086.0,2.0,0.904158125,80.354,94.92,4632.45666818766,2218.48974609375,19086.0
191,2.704914083847633,0.0,0.0,0.00015301120589620174,0.00015301120589620174,0.00015301120589620174,3052.825419222597,18736.92578125,19086.0,2.0,0.905150625,80.326,94.908,4734.4260749585255,2218.48974609375,19086.0
192,2.82518823330219,0.0,0.0,0.0001506840735665572,0.0001506840735665572,0.0001506840735665572,3065.9032038809614,18736.92578125,19086.0,2.0,0.9061765625,80.32,94.928,4748.220157810614,2218.48974609375,19086.0
193,2.766919787113483,0.0,0.0,0.00014836838065377978,0.00014836838065377978,0.00014836838065377978,2997.9972011806353,18736.92578125,19086.0,2.0,0.90727625,80.304,94.9,4584.5648038542,2218.48974609375,19086.0
194,2.772394061088562,0.0,0.0,0.00014606438109969282,0.00014606438109969282,0.00014606438109969282,2929.446366836291,18736.92578125,19086.0,2.0,0.908411875,80.316,94.904,3195.9145000460076,2218.48974609375,19086.0
195,2.6823809421979465,0.0,0.0,0.00014377232756381103,0.00014377232756381103,0.00014377232756381103,3042.1705176859446,18736.92578125,19086.0,2.0,0.9093175,80.32,94.916,3929.9944993434647,2218.48974609375,19086.0
196,2.812952362574064,0.0,0.0,0.00014149247139563393,0.00014149247139563393,0.00014149247139563393,3054.6006820360426,18736.92578125,19086.0,2.0,0.910620625,80.306,94.904,4758.612322215347,2218.48974609375,19086.0
197,2.764701095911173,0.0,0.0,0.0001392250626070818,0.0001392250626070818,0.0001392250626070818,2985.9893027550893,18736.92578125,19086.0,2.0,0.911768125,80.308,94.884,4346.507658055658,2218.48974609375,19086.0
198,2.7179990089856663,0.0,0.0,0.0001369703498450797,0.0001369703498450797,0.0001369703498450797,2959.9052114109613,18736.92578125,19086.0,2.0,0.912865625,80.276,94.872,4768.88707950623,2218.48974609375,19086.0
199,2.737894204946665,0.0,0.0,0.00013472858036429048,0.00013472858036429048,0.00013472858036429048,3009.186783922461,18736.92578125,19086.0,2.0,0.914121875,80.256,94.86,4434.491209887442,2218.48974609375,19086.0
200,2.6975712959582987,0.0,0.0,0.00013249999999999994,0.00013249999999999994,0.00013249999999999994,3034.7290115407977,18736.92578125,19086.0,2.0,0.915248125,80.26,94.868,4859.722583945739,2218.48974609375,19086.0
201,2.770455699700576,0.0,0.0,0.00013028485314115902,0.00013028485314115902,0.00013028485314115902,2951.293759163865,18736.92578125,19086.0,2.0,0.91644,80.258,94.872,4785.900776914251,2218.48974609375,19086.0
202,2.7361459823755117,0.0,0.0,0.00012808338270358313,0.00012808338270358313,0.00012808338270358313,2947.30713432417,18736.92578125,19086.0,2.0,0.9174875,80.26,94.85,4781.186407933175,2218.48974609375,19086.0
203,2.653700489264268,0.0,0.0,0.000125895830103314,0.000125895830103314,0.000125895830103314,3025.1686261496984,18736.92578125,19086.0,2.0,0.918565625,80.258,94.816,4767.893508848212,2218.48974609375,19086.0
204,2.729033121695885,0.0,0.0,0.0001237224352301459,0.0001237224352301459,0.0001237224352301459,3015.1918354193654,18736.92578125,19086.0,2.0,0.9198459375,80.27,94.8,4515.958470922447,2218.48974609375,19086.0
205,2.7383175171338596,0.0,0.0,0.00012156343642131844,0.00012156343642131844,0.00012156343642131844,2959.858662739121,18736.92578125,19086.0,2.0,0.9212390625,80.256,94.784,3450.2004434329633,2218.48974609375,19086.0
206,2.695169137074397,0.0,0.0,0.00011941907043538072,0.00011941907043538072,0.00011941907043538072,2950.4946669108135,18736.92578125,19086.0,2.0,0.9225228125,80.28,94.786,4857.99941004024,2218.48974609375,19086.0
207,2.649674259699308,0.0,0.0,0.00011728957242622806,0.00011728957242622806,0.00011728957242622806,3031.2533122656896,18736.92578125,19086.0,2.0,0.9238396875,80.264,94.764,4775.477512000336,2218.48974609375,19086.0
208,2.766539133512057,0.0,0.0,0.00011517517591731425,0.00011517517591731425,0.00011517517591731425,3032.7233143978315,18736.92578125,19086.0,2.0,0.925111875,80.282,94.766,4816.860260402137,2218.48974609375,19086.0
209,2.6355834924257717,0.0,0.0,0.00011307611277604366,0.00011307611277604366,0.00011307611277604366,2979.0256039121796,18736.92578125,19086.0,2.0,0.926571875,80.274,94.74,3956.8324080670586,2218.48974609375,19086.0
210,2.6382230520248413,0.0,0.0,0.0001109926131883441,0.0001109926131883441,0.0001109926131883441,2960.719577111658,18736.92578125,19086.0,2.0,0.9279703125,80.228,94.732,4721.618085030696,2218.48974609375,19086.0
211,2.568961024284363,0.0,0.0,0.00010892490563342409,0.00010892490563342409,0.00010892490563342409,3031.1676033358576,18736.92578125,19086.0,2.0,0.929418125,80.222,94.718,3464.333979350927,2218.48974609375,19086.0
212,2.690746857569768,0.0,0.0,0.00010687321685871816,0.00010687321685871816,0.00010687321685871816,3043.9170432701962,18736.92578125,19086.0,2.0,0.9308821875,80.194,94.71,4779.879047511403,2218.48974609375,19086.0
213,2.6898348331451416,0.0,0.0,0.00010483777185502082,0.00010483777185502082,0.00010483777185502082,2983.762364953952,18736.92578125,19086.0,2.0,0.932315625,80.186,94.702,4752.402911106027,2218.48974609375,19086.0
214,2.7285835284453173,0.0,0.0,0.00010281879383181397,0.00010281879383181397,0.00010281879383181397,2953.357786935451,18736.92578125,19086.0,2.0,0.9338853125,80.172,94.672,4552.429023506371,2218.48974609375,19086.0
215,2.689100375542274,0.0,0.0,0.00010081650419278986,0.00010081650419278986,0.00010081650419278986,3033.5707907172573,18736.92578125,19086.0,2.0,0.9353390625,80.136,94.674,4719.9047589103575,2218.48974609375,19086.0
216,2.6326092298214254,0.0,0.0,9.883112251157101e-05,9.883112251157101e-05,9.883112251157101e-05,3047.6395634880914,18736.92578125,19086.0,2.0,0.9368796875,80.134,94.654,3460.25915578106,2218.48974609375,19086.0
217,2.61881515612969,0.0,0.0,9.686286650763215e-05,9.686286650763215e-05,9.686286650763215e-05,3025.609636562853,18736.92578125,19086.0,2.0,0.9384646875,80.138,94.65,2508.534589568714,2218.48974609375,19086.0
218,2.658107482469999,0.0,0.0,9.491195202242423e-05,9.491195202242423e-05,9.491195202242423e-05,2944.7647063875092,18736.92578125,19086.0,2.0,0.94046375,80.116,94.636,4717.5680636457055,2218.48974609375,19086.0
219,2.57340354185838,0.0,0.0,9.297859299570525e-05,9.297859299570525e-05,9.297859299570525e-05,3034.1298322762655,18736.92578125,19086.0,2.0,0.9420778125,80.072,94.618,4794.550895167164,2218.48974609375,19086.0
220,2.6624115155293393,0.0,0.0,9.106300144207972e-05,9.106300144207972e-05,9.106300144207972e-05,3047.4617239543877,18736.92578125,19086.0,2.0,0.943778125,80.022,94.616,4884.630342386838,2218.48974609375,19086.0
221,2.599901006771968,0.0,0.0,8.916538742774814e-05,8.916538742774814e-05,8.916538742774814e-05,3020.595886914996,18736.92578125,19086.0,2.0,0.945423125,79.992,94.604,4677.381010821408,2218.48974609375,19086.0
222,2.6135015304271993,0.0,0.0,8.728595904747126e-05,8.728595904747126e-05,8.728595904747126e-05,2890.3866363901275,18736.92578125,19086.0,2.0,0.947339375,79.97,94.588,4811.68439170825,2218.48974609375,19086.0
223,2.5882606506347656,0.0,0.0,8.542492240175036e-05,8.542492240175036e-05,8.542492240175036e-05,3031.559448315911,18736.92578125,19086.0,2.0,0.9489303125,79.958,94.59,4786.162151819388,2218.48974609375,19086.0
224,2.5990444971964908,0.0,0.0,8.358248157422544e-05,8.358248157422544e-05,8.358248157422544e-05,3037.9956834462246,18736.92578125,19086.0,2.0,0.9506809375,79.952,94.578,4768.056979357674,2218.48974609375,19086.0
225,2.53346272615286,0.0,0.0,8.175883860929587e-05,8.175883860929587e-05,8.175883860929587e-05,3051.379548796944,18736.92578125,19086.0,2.0,0.952468125,79.92,94.566,4806.861711477681,2218.48974609375,19086.0
226,2.6240304800180287,0.0,0.0,7.995419348996323e-05,7.995419348996323e-05,7.995419348996323e-05,2875.184258165292,18736.92578125,19086.0,2.0,0.9540475,79.908,94.546,4714.040758638961,2218.48974609375,19086.0
227,2.6144873912517843,0.0,0.0,7.816874411590126e-05,7.816874411590126e-05,7.816874411590126e-05,3035.210827719604,18736.92578125,19086.0,2.0,0.955775625,79.894,94.536,4829.042302222854,2218.48974609375,19086.0
228,2.6220878729453454,0.0,0.0,7.640268628175422e-05,7.640268628175422e-05,7.640268628175422e-05,3046.9684822863396,18736.92578125,19086.0,2.0,0.957564375,79.852,94.51,4774.325651475767,2218.48974609375,19086.0
229,2.537562141051659,0.0,0.0,7.465621365566517e-05,7.465621365566517e-05,7.465621365566517e-05,3051.7299083294997,18736.92578125,19086.0,2.0,0.9593475,79.846,94.514,4774.096324173568,2218.48974609375,19086.0
230,2.562035377209003,0.0,0.0,7.292951775803838e-05,7.292951775803838e-05,7.292951775803838e-05,2918.2451116205366,18736.92578125,19086.0,2.0,0.961211875,79.834,94.488,4760.093577973364,2218.48974609375,19086.0
231,2.6305633324843187,0.0,0.0,7.122278794053739e-05,7.122278794053739e-05,7.122278794053739e-05,3037.2670439902154,18736.92578125,19086.0,2.0,0.963106875,79.82,94.488,4832.365478608459,2218.48974609375,19086.0
232,2.585932438190167,0.0,0.0,6.953621136531972e-05,6.953621136531972e-05,6.953621136531972e-05,3045.1195141544927,18736.92578125,19086.0,2.0,0.9648675,79.796,94.474,4823.7596809198085,2218.48974609375,19086.0
233,2.594336537214426,0.0,0.0,6.786997298451264e-05,6.786997298451264e-05,6.786997298451264e-05,3049.624555430648,18736.92578125,19086.0,2.0,0.96684375,79.802,94.428,4796.445444273151,2218.48974609375,19086.0
234,2.604048252105713,0.0,0.0,6.622425551993166e-05,6.622425551993166e-05,6.622425551993166e-05,2938.9412952868547,18736.92578125,19086.0,2.0,0.9689075,79.782,94.414,2489.8090549845933,2218.48974609375,19086.0
235,2.6171161119754496,0.0,0.0,6.459923944304213e-05,6.459923944304213e-05,6.459923944304213e-05,3028.011998379931,18736.92578125,19086.0,2.0,0.97102875,79.778,94.396,4781.72974436678,2218.48974609375,19086.0
236,2.53261726636153,0.0,0.0,6.299510295516927e-05,6.299510295516927e-05,6.299510295516927e-05,3033.749470711059,18736.92578125,19086.0,2.0,0.973133125,79.712,94.374,4735.534915208004,2218.48974609375,19086.0
237,2.5229593286147485,0.0,0.0,6.14120219679559e-05,6.14120219679559e-05,6.14120219679559e-05,3061.3573637172512,18736.92578125,19086.0,2.0,0.975211875,79.68,94.366,4787.297765596557,2218.48974609375,19086.0
238,2.5821490654578576,0.0,0.0,5.985017008407191e-05,5.985017008407191e-05,5.985017008407191e-05,2852.485132740409,18736.92578125,19086.0,2.0,0.97746125,79.67,94.33,3297.2577844036796,2218.48974609375,19086.0
239,2.473739266395569,0.0,0.0,5.830971857817698e-05,5.830971857817698e-05,5.830971857817698e-05,3036.66482844461,18736.92578125,19086.0,2.0,0.9798575,79.646,94.314,4803.004846194403,2218.48974609375,19086.0
240,2.4741813586308408,0.0,0.0,5.67908363781379e-05,5.67908363781379e-05,5.67908363781379e-05,3055.364641576598,18736.92578125,19086.0,2.0,0.982254375,79.612,94.312,4701.178060768533,2218.48974609375,19086.0
241,2.5470639879886923,0.0,0.0,5.529369004650419e-05,5.529369004650419e-05,5.529369004650419e-05,3053.664986546357,18736.92578125,19086.0,2.0,0.984638125,79.618,94.298,4776.724582930718,2218.48974609375,19086.0
242,2.540390445635869,0.0,0.0,5.381844376224251e-05,5.381844376224251e-05,5.381844376224251e-05,2954.964483807318,18736.92578125,19086.0,2.0,0.98691375,79.586,94.288,2685.06056338039,2218.48974609375,19086.0
243,2.4874999889960656,0.0,0.0,5.236525930273232e-05,5.236525930273232e-05,5.236525930273232e-05,3015.769516571257,18736.92578125,19086.0,2.0,0.98908625,79.588,94.27,4733.246711641966,2218.48974609375,19086.0
244,2.5301233988541822,0.0,0.0,5.0934296026025636e-05,5.0934296026025636e-05,5.0934296026025636e-05,3013.5300944414375,18736.92578125,19086.0,2.0,0.991228125,79.57,94.23,4808.892701888859,2218.48974609375,19086.0
245,2.4578392184697666,0.0,0.0,4.952571085337113e-05,4.952571085337113e-05,4.952571085337113e-05,2987.042626608021,18736.92578125,19086.0,2.0,0.993424375,79.562,94.208,4802.930706748924,2218.48974609375,19086.0
246,2.4609266152748694,0.0,0.0,4.81396582520063e-05,4.81396582520063e-05,4.81396582520063e-05,2900.1326299304214,18736.92578125,19086.0,2.0,0.995635625,79.552,94.184,2569.1860318248728,2218.48974609375,19086.0
247,2.521128929578341,0.0,0.0,4.6776290218218375e-05,4.6776290218218375e-05,4.6776290218218375e-05,3002.9996513672636,18736.92578125,19086.0,2.0,0.997893125,79.558,94.18,4703.198337776491,2218.48974609375,19086.0
248,2.543852063325735,0.0,0.0,4.543575626067588e-05,4.543575626067588e-05,4.543575626067588e-05,3037.7854501979177,18736.92578125,19086.0,2.0,1.00018,79.518,94.134,4681.278279835952,2218.48974609375,19086.0
249,2.541512049161471,0.0,0.0,4.411820338403383e-05,4.411820338403383e-05,4.411820338403383e-05,3065.317994084518,18736.92578125,19086.0,2.0,1.002338125,79.474,94.094,4761.125082422564,2218.48974609375,19086.0
250,2.4507009707964382,0.0,0.0,4.282377607281257e-05,4.282377607281257e-05,4.282377607281257e-05,2993.008973781076,18736.92578125,19086.0,2.0,1.004518125,79.452,94.068,2904.4969516903184,2218.48974609375,19086.0
251,2.4836226793435903,0.0,0.0,4.155261627555355e-05,4.155261627555355e-05,4.155261627555355e-05,2957.903448139548,18736.92578125,19086.0,2.0,1.006690625,79.45,94.068,4829.212661660109,2218.48974609375,19086.0
252,2.4914710429998546,0.0,0.0,4.030486338925342e-05,4.030486338925342e-05,4.030486338925342e-05,3039.912430184494,18736.92578125,19086.0,2.0,1.0088975,79.444,94.026,4269.351514797412,2218.48974609375,19086.0
253,2.447200371668889,0.0,0.0,3.908065424407692e-05,3.908065424407692e-05,3.908065424407692e-05,3049.1838936999166,18736.92578125,19086.0,2.0,1.011131875,79.416,94.018,4750.783941466248,2218.48974609375,19086.0
254,2.521208827312176,0.0,0.0,3.7880123088352394e-05,3.7880123088352394e-05,3.7880123088352394e-05,2936.009765721697,18736.92578125,19086.0,2.0,1.013253125,79.406,93.992,4771.090153759247,2218.48974609375,19086.0
255,2.376799831023583,0.0,0.0,3.6703401573849895e-05,3.6703401573849895e-05,3.6703401573849895e-05,2953.4346745337034,18736.92578125,19086.0,2.0,1.01541625,79.37,93.956,4714.371600256019,2218.48974609375,19086.0
256,2.3981431814340444,0.0,0.0,3.555061874134389e-05,3.555061874134389e-05,3.555061874134389e-05,3025.0197818132756,18736.92578125,19086.0,2.0,1.0177,79.31,93.942,4796.614279480675,2218.48974609375,19086.0
257,2.456432186640226,0.0,0.0,3.442190100646259e-05,3.442190100646259e-05,3.442190100646259e-05,3049.7232951753244,18736.92578125,19086.0,2.0,1.01996875,79.294,93.926,4829.679098799758,2218.48974609375,19086.0
258,2.418335144336407,0.0,0.0,3.331737214582526e-05,3.331737214582526e-05,3.331737214582526e-05,2999.5985522437713,18736.92578125,19086.0,2.0,1.02235125,79.282,93.898,4816.61521315836,2218.48974609375,19086.0
259,2.4623460586254415,0.0,0.0,3.223715328346821e-05,3.223715328346821e-05,3.223715328346821e-05,2970.384178470178,18736.92578125,19086.0,2.0,1.024621875,79.258,93.87,4832.74944339841,2218.48974609375,19086.0
260,2.4451958674650927,0.0,0.0,3.1181362877562815e-05,3.1181362877562815e-05,3.1181362877562815e-05,3014.5845040169916,18736.92578125,19086.0,2.0,1.026759375,79.258,93.852,4723.297656139393,2218.48974609375,19086.0
261,2.3883985922886777,0.0,0.0,3.0150116707424677e-05,3.0150116707424677e-05,3.0150116707424677e-05,3053.1047020804176,18736.92578125,19086.0,2.0,1.02899625,79.258,93.834,4627.36747601997,2218.48974609375,19086.0
262,2.379239935141343,0.0,0.0,2.9143527860817348e-05,2.9143527860817348e-05,2.9143527860817348e-05,3059.4337732601775,18736.92578125,19086.0,2.0,1.031186875,79.224,93.79,3290.690363945472,2218.48974609375,19086.0
263,2.4471210608115563,0.0,0.0,2.8161706721551292e-05,2.8161706721551292e-05,2.8161706721551292e-05,2904.9028255684448,18736.92578125,19086.0,2.0,1.033516875,79.216,93.792,4801.047738414838,2218.48974609375,19086.0
264,2.3828203678131104,0.0,0.0,2.720476095737842e-05,2.720476095737842e-05,2.720476095737842e-05,3040.886577700135,18736.92578125,19086.0,2.0,1.03566875,79.194,93.77,4803.778166837028,2218.48974609375,19086.0
265,2.503570895928603,0.0,0.0,2.6272795508185572e-05,2.6272795508185572e-05,2.6272795508185572e-05,3053.245805347214,18736.92578125,19086.0,2.0,1.03772,79.172,93.744,4809.066715403572,2218.48974609375,19086.0
266,2.403912149942838,0.0,0.0,2.536591257448659e-05,2.536591257448659e-05,2.536591257448659e-05,3060.63339726137,18736.92578125,19086.0,2.0,1.039813125,79.148,93.73,4781.829507550354,2218.48974609375,19086.0
267,2.4365227772639346,0.0,0.0,2.4484211606214764e-05,2.4484211606214764e-05,2.4484211606214764e-05,2917.404494767461,18736.92578125,19086.0,2.0,1.04183875,79.144,93.712,4800.231236725072,2218.48974609375,19086.0
268,2.3638964341236997,0.0,0.0,2.3627789291817156e-05,2.3627789291817156e-05,2.3627789291817156e-05,3034.158624018412,18736.92578125,19086.0,2.0,1.043800625,79.122,93.718,4589.35313105783,2218.48974609375,19086.0
269,2.411891941840832,0.0,0.0,2.279673954765154e-05,2.279673954765154e-05,2.279673954765154e-05,3032.219249346236,18736.92578125,19086.0,2.0,1.045715,79.094,93.71,4509.714903456518,2218.48974609375,19086.0
270,2.3890668612260084,0.0,0.0,2.1991153507687383e-05,2.1991153507687383e-05,2.1991153507687383e-05,3026.8241249851603,18736.92578125,19086.0,2.0,1.047598125,79.084,93.686,4763.776840159385,2218.48974609375,19086.0
271,2.4216554439984836,0.0,0.0,2.121111951351218e-05,2.121111951351218e-05,2.121111951351218e-05,2896.3037488057776,18736.92578125,19086.0,2.0,1.04946125,79.076,93.666,4717.768218696913,2218.48974609375,19086.0
272,2.3057990670204163,0.0,0.0,2.0456723104643527e-05,2.0456723104643527e-05,2.0456723104643527e-05,3039.6388743495236,18736.92578125,19086.0,2.0,1.0514275,79.04,93.652,4720.293476986714,2218.48974609375,19086.0
273,2.3745827124669003,0.0,0.0,1.9728047009148952e-05,1.9728047009148952e-05,1.9728047009148952e-05,3041.375686375507,18736.92578125,19086.0,2.0,1.05332625,79.01,93.632,4813.223953842302,2218.48974609375,19086.0
274,2.3796148116771993,0.0,0.0,1.9025171134573765e-05,1.9025171134573765e-05,1.9025171134573765e-05,3032.3311616625197,18736.92578125,19086.0,2.0,1.055065,78.984,93.61,4786.923611258211,2218.48974609375,19086.0
275,2.419137111076942,0.0,0.0,1.8348172559178265e-05,1.8348172559178265e-05,1.8348172559178265e-05,2951.360155729573,18736.92578125,19086.0,2.0,1.056876875,78.94,93.588,3111.1213175790567,2218.48974609375,19086.0
276,2.3780577091070323,0.0,0.0,1.7697125523485388e-05,1.7697125523485388e-05,1.7697125523485388e-05,2994.0349898510567,18736.92578125,19086.0,2.0,1.058759375,78.95,93.604,4799.696869730472,2218.48974609375,19086.0
277,2.47278853563162,0.0,0.0,1.707210142213919e-05,1.707210142213919e-05,1.707210142213919e-05,3040.4920840101845,18736.92578125,19086.0,2.0,1.060553125,78.932,93.592,4816.057284376435,2218.48974609375,19086.0
278,2.3564969301223755,0.0,0.0,1.647316879607573e-05,1.647316879607573e-05,1.647316879607573e-05,3051.46245505998,18736.92578125,19086.0,2.0,1.06241375,78.91,93.6,4810.13842217197,2218.48974609375,19086.0
279,2.3939150388424215,0.0,0.0,1.5900393325006906e-05,1.5900393325006906e-05,1.5900393325006906e-05,2969.1581565909896,18736.92578125,19086.0,2.0,1.0642525,78.856,93.586,3339.686984288063,2218.48974609375,19086.0
280,2.3417195081710815,0.0,0.0,1.5353837820217636e-05,1.5353837820217636e-05,1.5353837820217636e-05,2971.84019522213,18736.92578125,19086.0,2.0,1.065945625,78.834,93.57,4782.716765258674,2218.48974609375,19086.0
281,2.394888758659363,0.0,0.0,1.4833562217678171e-05,1.4833562217678171e-05,1.4833562217678171e-05,3049.6752599480083,18736.92578125,19086.0,2.0,1.067681875,78.838,93.55,4724.050735105429,2218.48974609375,19086.0
282,2.361517140498528,0.0,0.0,1.433962357147129e-05,1.433962357147129e-05,1.433962357147129e-05,3040.908188570244,18736.92578125,19086.0,2.0,1.069414375,78.848,93.544,4705.256772964033,2218.48974609375,19086.0
283,2.339963665375343,0.0,0.0,1.387207604753574e-05,1.387207604753574e-05,1.387207604753574e-05,2990.6817648012025,18736.92578125,19086.0,2.0,1.071196875,78.818,93.54,3301.337032745709,2218.48974609375,19086.0
284,2.3559423226576586,0.0,0.0,1.343097091772628e-05,1.343097091772628e-05,1.343097091772628e-05,2976.708893492656,18736.92578125,19086.0,2.0,1.072764375,78.83,93.528,3220.649386972246,2218.48974609375,19086.0
285,2.3546370359567494,0.0,0.0,1.3016356554191275e-05,1.3016356554191275e-05,1.3016356554191275e-05,3041.205202643346,18736.92578125,19086.0,2.0,1.0743575,78.844,93.522,4818.527132418808,2218.48974609375,19086.0
286,2.396451670389909,0.0,0.0,1.2628278424067859e-05,1.2628278424067859e-05,1.2628278424067859e-05,3059.938594429125,18736.92578125,19086.0,2.0,1.076024375,78.806,93.516,4788.42932635313,2218.48974609375,19086.0
287,2.3495683119847226,0.0,0.0,1.2266779084496319e-05,1.2266779084496319e-05,1.2266779084496319e-05,2975.8127031887852,18736.92578125,19086.0,2.0,1.07772875,78.794,93.504,3356.9693588377922,2218.48974609375,19086.0
288,2.365646481513977,0.0,0.0,1.1931898177952948e-05,1.1931898177952948e-05,1.1931898177952948e-05,2960.4026649785683,18736.92578125,19086.0,2.0,1.07951375,78.782,93.482,4757.945874336352,2218.48974609375,19086.0
289,2.3471835393172045,0.0,0.0,1.1623672427902871e-05,1.1623672427902871e-05,1.1623672427902871e-05,3045.897976582602,18736.92578125,19086.0,2.0,1.08113875,78.758,93.468,4799.243344393068,2218.48974609375,19086.0
290,2.412219845331632,0.0,0.0,1.1342135634773045e-05,1.1342135634773045e-05,1.1342135634773045e-05,3060.544357458659,18736.92578125,19086.0,2.0,1.082685,78.74,93.46,4799.300126475392,2218.48974609375,19086.0
291,2.374915544803326,0.0,0.0,1.1087318672245402e-05,1.1087318672245402e-05,1.1087318672245402e-05,2994.286114704363,18736.92578125,19086.0,2.0,1.084186875,78.712,93.46,3363.477929894579,2218.48974609375,19086.0
292,2.3838141606404233,0.0,0.0,1.085924948387143e-05,1.085924948387143e-05,1.085924948387143e-05,2931.490693034808,18736.92578125,19086.0,2.0,1.085754375,78.7,93.446,4702.462436281992,2218.48974609375,19086.0
293,2.3286674297772922,0.0,0.0,1.0657953080007768e-05,1.0657953080007768e-05,1.0657953080007768e-05,3037.614489455094,18736.92578125,19086.0,2.0,1.087204375,78.698,93.42,4799.954480412146,2218.48974609375,19086.0
294,2.3083047500023475,0.0,0.0,1.0483451535073469e-05,1.0483451535073469e-05,1.0483451535073469e-05,3044.5365662865347,18736.92578125,19086.0,2.0,1.088615,78.656,93.392,4819.819832242896,2218.48974609375,19086.0
295,2.370438672029055,0.0,0.0,1.0335763985129412e-05,1.0335763985129412e-05,1.0335763985129412e-05,2992.99874861553,18736.92578125,19086.0,2.0,1.09001,78.65,93.36,4800.907056139666,2218.48974609375,19086.0
296,2.4145590250308695,0.0,0.0,1.0214906625779697e-05,1.0214906625779697e-05,1.0214906625779697e-05,2942.9647883749262,18736.92578125,19086.0,2.0,1.0915175,78.626,93.344,4821.478666307829,2218.48974609375,19086.0
297,2.3168061834115248,0.0,0.0,1.0120892710395758e-05,1.0120892710395758e-05,1.0120892710395758e-05,3030.243985131844,18736.92578125,19086.0,2.0,1.092858125,78.604,93.348,4621.453280670067,2218.48974609375,19086.0
298,2.3902626587794376,0.0,0.0,1.0053732548662853e-05,1.0053732548662853e-05,1.0053732548662853e-05,3052.3378111023003,18736.92578125,19086.0,2.0,1.09407875,78.57,93.344,4767.892641660545,2218.48974609375,19086.0
299,2.3480265140533447,0.0,0.0,1.0013433505449525e-05,1.0013433505449525e-05,1.0013433505449525e-05,2980.194721590618,18736.92578125,19086.0,2.0,1.095240625,78.566,93.342,4780.11198144986,2218.48974609375,19086.0
